N,P,K,temperature,humidity,ph,rainfall,season,district,soil_type,crop_price,water_availability,crop
6,75,67,20.58,71.55,7.21,269.81,Rabi,Ranchi,Sandy,2000,Low,wheat
108,13,12,17.34,36.29,6.91,177.15,Rabi,Hazaribagh,Loamy,2100,Low,chickpea
56,119,155,21.95,80.85,7.54,64.7,Rabi,Jamshedpur,Sandy,1600,Medium,barley
71,44,60,38.93,43.56,4.87,47.08,Rabi,Bokaro,Loamy,1500,Low,millet
67,16,191,26.49,28.74,8.19,42.06,Rabi,Bokaro,Loamy,2100,Low,chickpea
92,54,185,16.74,66.29,7.59,295.86,Rabi,Dhanbad,Loamy,2100,Low,chickpea
97,76,121,30.89,45.54,5.98,78.66,Rabi,Bokaro,Sandy,2000,Low,wheat
43,141,191,21.12,52.36,5.58,279.11,Rabi,Hazaribagh,Sandy,2000,Low,wheat
83,19,63,35.55,76.35,6.1,38.53,Kharif,Hazaribagh,Sandy,3500,Low,cotton
54,132,106,37.12,65.0,5.07,59.1,Rabi,Hazaribagh,Loamy,1500,Low,millet
67,114,154,24.99,35.35,8.49,162.67,Rabi,Ranchi,Loamy,1900,Low,lentil
28,44,165,19.0,67.63,6.89,127.73,Kharif,Hazaribagh,Loamy,1800,Medium,rice
135,69,146,36.52,20.8,7.38,210.88,Kharif,Hazaribagh,Sandy,2200,Medium,groundnut
87,33,80,25.87,51.76,8.32,265.24,Zaid,Bokaro,Clayey,3000,High,sugarcane
45,134,32,36.76,40.89,7.06,190.51,Rabi,Dhanbad,Loamy,1900,Low,lentil
41,143,204,38.06,84.29,6.9,156.81,Rabi,Ranchi,Loamy,1500,Low,millet
78,66,19,21.02,59.71,4.82,224.93,Rabi,Ranchi,Loamy,1500,Low,millet
32,37,173,26.88,58.49,5.56,264.28,Rabi,Jamshedpur,Loamy,1900,Low,lentil
138,56,187,22.79,89.66,7.1,142.67,Kharif,Hazaribagh,Sandy,3500,Low,cotton
30,68,62,16.6,21.47,6.72,184.76,Kharif,Ranchi,Sandy,2200,Medium,groundnut
15,63,22,37.64,80.17,4.78,86.64,Rabi,Jamshedpur,Sandy,2000,Low,wheat
138,38,190,38.39,59.97,6.39,239.69,Kharif,Jamshedpur,Sandy,3500,Low,cotton
24,29,173,25.78,49.65,6.37,224.14,Kharif,Ranchi,Sandy,3500,Low,cotton
103,91,32,21.22,33.31,6.29,138.13,Kharif,Bokaro,Loamy,1800,Medium,rice
63,24,118,35.2,79.92,4.89,202.6,Kharif,Hazaribagh,Sandy,2200,Medium,groundnut
23,65,47,25.16,53.7,7.96,272.68,Kharif,Dhanbad,Loamy,1800,Medium,rice
0,104,72,38.16,74.96,5.64,215.05,Rabi,Hazaribagh,Sandy,1600,Medium,barley
39,53,80,20.44,24.09,7.44,37.07,Kharif,Bokaro,Sandy,2200,Medium,groundnut
12,127,133,37.98,57.18,4.73,162.19,Kharif,Dhanbad,Loamy,1800,Medium,rice
17,65,108,18.0,82.32,5.48,186.47,Rabi,Hazaribagh,Sandy,2000,Low,wheat
107,138,85,38.37,34.3,7.36,86.83,Rabi,Jamshedpur,Sandy,2000,Low,wheat
76,122,85,38.23,85.5,4.54,193.92,Kharif,Hazaribagh,Clayey,1700,High,maize
18,142,59,27.65,29.27,5.9,39.26,Rabi,Dhanbad,Sandy,2000,Low,wheat
72,45,117,35.84,69.25,6.95,296.43,Rabi,Hazaribagh,Loamy,1500,Low,millet
76,31,39,21.61,82.28,7.47,63.53,Kharif,Bokaro,Loamy,1800,Medium,rice
53,92,57,32.19,79.7,6.52,90.31,Rabi,Ranchi,Loamy,2100,Low,chickpea
108,75,16,15.09,73.98,7.05,93.35,Rabi,Jamshedpur,Sandy,2000,Low,wheat
109,7,33,16.88,81.82,8.12,172.77,Rabi,Bokaro,Loamy,1900,Low,lentil
37,115,37,16.05,45.53,8.23,292.21,Rabi,Ranchi,Loamy,2100,Low,chickpea
53,68,175,17.57,74.61,8.04,133.79,Rabi,Hazaribagh,Loamy,1500,Low,millet
60,46,50,37.04,21.74,7.45,113.01,Kharif,Jamshedpur,Clayey,1700,High,maize
68,45,184,17.7,81.05,7.93,82.28,Kharif,Jamshedpur,Sandy,3500,Low,cotton
78,63,62,15.59,33.52,5.81,262.02,Rabi,Bokaro,Loamy,1500,Low,millet
130,107,178,39.53,57.54,8.26,52.3,Rabi,Bokaro,Loamy,1500,Low,millet
67,14,32,29.91,44.2,7.65,142.19,Kharif,Hazaribagh,Clayey,1700,High,maize
98,53,70,16.11,50.52,6.58,245.82,Rabi,Dhanbad,Sandy,2000,Low,wheat
110,22,175,38.02,63.62,7.15,54.9,Rabi,Bokaro,Loamy,1500,Low,millet
79,109,88,25.06,40.7,5.01,137.72,Rabi,Jamshedpur,Loamy,1900,Low,lentil
77,108,145,35.84,41.27,5.34,240.01,Kharif,Hazaribagh,Clayey,1700,High,maize
119,118,118,31.89,55.78,7.67,288.75,Rabi,Dhanbad,Loamy,1500,Low,millet
72,136,174,30.82,43.46,7.77,230.32,Rabi,Bokaro,Sandy,2000,Low,wheat
50,42,11,16.16,88.88,6.95,235.18,Kharif,Jamshedpur,Sandy,3500,Low,cotton
49,103,131,24.99,30.33,7.25,269.94,Rabi,Ranchi,Sandy,1600,Medium,barley
56,50,183,27.95,23.52,5.5,257.53,Rabi,Jamshedpur,Sandy,1600,Medium,barley
118,140,148,29.89,86.5,8.07,191.54,Kharif,Hazaribagh,Clayey,1700,High,maize
140,119,45,33.59,53.23,5.54,89.23,Rabi,Bokaro,Sandy,1600,Medium,barley
124,66,75,26.0,69.95,5.44,114.04,Rabi,Hazaribagh,Loamy,1900,Low,lentil
35,43,64,24.58,30.7,5.36,136.16,Rabi,Bokaro,Sandy,2000,Low,wheat
119,111,20,20.17,49.41,8.12,183.54,Rabi,Ranchi,Loamy,1900,Low,lentil
97,127,6,38.57,40.9,6.06,269.66,Rabi,Jamshedpur,Loamy,2100,Low,chickpea
139,61,129,20.49,50.51,4.62,114.12,Rabi,Jamshedpur,Loamy,1900,Low,lentil
119,37,164,28.35,83.49,6.87,205.64,Kharif,Ranchi,Clayey,1700,High,maize
34,123,51,16.26,46.54,5.35,111.52,Rabi,Jamshedpur,Sandy,1600,Medium,barley
107,69,25,26.76,72.43,4.71,286.54,Zaid,Dhanbad,Clayey,3000,High,sugarcane
10,12,68,19.98,21.43,5.11,55.34,Rabi,Ranchi,Sandy,2000,Low,wheat
55,124,184,21.41,45.82,6.92,289.85,Rabi,Ranchi,Loamy,2100,Low,chickpea
79,32,153,15.64,41.84,7.21,288.29,Kharif,Jamshedpur,Clayey,1700,High,maize
19,67,31,32.43,41.11,7.24,245.55,Kharif,Hazaribagh,Sandy,3500,Low,cotton
88,141,114,31.54,24.83,7.09,23.54,Kharif,Jamshedpur,Loamy,1800,Medium,rice
27,115,97,30.89,78.01,7.33,141.94,Kharif,Hazaribagh,Sandy,2200,Medium,groundnut
137,128,124,25.89,71.17,5.57,258.48,Zaid,Ranchi,Clayey,3000,High,sugarcane
115,67,197,26.62,62.72,6.02,28.04,Zaid,Bokaro,Clayey,3000,High,sugarcane
124,59,95,34.95,43.82,8.02,216.33,Kharif,Bokaro,Clayey,1700,High,maize
2,137,53,17.14,70.41,6.45,232.29,Rabi,Jamshedpur,Loamy,1900,Low,lentil
114,9,28,22.36,48.31,5.47,205.91,Kharif,Bokaro,Sandy,2200,Medium,groundnut
135,93,113,39.92,58.53,5.91,147.05,Kharif,Bokaro,Sandy,2200,Medium,groundnut
59,35,189,19.81,28.37,6.64,233.41,Zaid,Dhanbad,Clayey,3000,High,sugarcane
55,128,75,33.11,88.36,6.6,99.24,Kharif,Ranchi,Sandy,3500,Low,cotton
75,63,97,19.49,20.99,6.64,96.81,Kharif,Ranchi,Sandy,3500,Low,cotton
74,37,168,36.71,54.36,7.99,180.74,Rabi,Jamshedpur,Loamy,1900,Low,lentil
112,92,52,39.14,37.67,7.95,51.94,Kharif,Ranchi,Sandy,2200,Medium,groundnut
125,23,152,30.74,23.75,5.1,177.6,Rabi,Bokaro,Sandy,1600,Medium,barley
63,35,147,34.11,62.44,7.66,83.19,Rabi,Hazaribagh,Sandy,2000,Low,wheat
115,118,81,36.5,89.3,5.72,193.89,Rabi,Hazaribagh,Sandy,1600,Medium,barley
53,59,72,31.51,30.99,5.2,41.02,Rabi,Ranchi,Sandy,2000,Low,wheat
115,125,79,15.82,40.17,5.63,260.69,Rabi,Ranchi,Sandy,1600,Medium,barley
67,55,113,17.87,35.74,5.1,94.38,Kharif,Dhanbad,Sandy,3500,Low,cotton
15,47,83,29.88,77.7,8.18,142.96,Rabi,Jamshedpur,Sandy,2000,Low,wheat
103,74,133,28.5,50.64,6.89,269.04,Zaid,Bokaro,Clayey,3000,High,sugarcane
64,11,28,20.72,67.2,7.94,184.39,Rabi,Ranchi,Loamy,2100,Low,chickpea
10,49,125,27.97,50.96,5.61,299.14,Zaid,Jamshedpur,Clayey,3000,High,sugarcane
23,125,94,25.21,42.47,4.92,65.03,Kharif,Jamshedpur,Sandy,2200,Medium,groundnut
73,107,199,28.75,51.84,5.76,110.52,Kharif,Jamshedpur,Sandy,2200,Medium,groundnut
0,143,123,25.33,33.13,5.95,231.8,Rabi,Jamshedpur,Loamy,1900,Low,lentil
52,73,145,18.28,40.16,8.02,155.72,Kharif,Ranchi,Loamy,1800,Medium,rice
61,45,84,28.77,58.66,4.87,297.83,Rabi,Ranchi,Loamy,2100,Low,chickpea
30,44,132,38.32,40.43,7.32,136.34,Kharif,Jamshedpur,Sandy,2200,Medium,groundnut
62,121,146,18.62,33.34,6.9,228.96,Kharif,Dhanbad,Sandy,2200,Medium,groundnut
70,111,92,38.36,55.54,7.78,99.19,Rabi,Bokaro,Sandy,2000,Low,wheat
125,43,119,28.46,44.16,6.71,172.16,Rabi,Jamshedpur,Loamy,2100,Low,chickpea
48,66,151,24.57,79.92,6.14,109.09,Rabi,Jamshedpur,Loamy,1500,Low,millet
98,43,131,39.12,28.84,8.36,112.96,Rabi,Ranchi,Sandy,1600,Medium,barley
25,139,121,15.38,30.09,7.98,291.59,Kharif,Ranchi,Sandy,2200,Medium,groundnut
67,91,164,32.32,65.49,7.91,258.66,Kharif,Hazaribagh,Sandy,2200,Medium,groundnut
81,129,143,15.9,24.79,7.02,277.86,Rabi,Dhanbad,Sandy,1600,Medium,barley
111,30,199,30.84,81.08,6.27,214.32,Rabi,Ranchi,Sandy,2000,Low,wheat
83,19,80,23.96,50.15,5.48,135.37,Kharif,Dhanbad,Loamy,1800,Medium,rice
44,25,161,36.77,63.38,5.46,275.59,Kharif,Dhanbad,Clayey,1700,High,maize
118,70,122,21.38,20.66,7.72,272.34,Kharif,Hazaribagh,Sandy,3500,Low,cotton
18,118,93,39.69,40.94,8.35,213.29,Kharif,Jamshedpur,Clayey,1700,High,maize
50,103,128,17.67,46.7,5.94,102.84,Zaid,Bokaro,Clayey,3000,High,sugarcane
101,75,7,29.15,68.01,7.48,33.73,Kharif,Hazaribagh,Loamy,1800,Medium,rice
73,63,160,35.05,35.33,5.26,90.18,Kharif,Dhanbad,Sandy,2200,Medium,groundnut
10,84,117,15.83,45.54,5.03,274.7,Rabi,Bokaro,Sandy,2000,Low,wheat
44,56,38,34.66,81.35,5.96,160.5,Rabi,Bokaro,Sandy,1600,Medium,barley
65,128,80,33.66,43.71,4.96,289.61,Kharif,Dhanbad,Clayey,1700,High,maize
101,98,28,34.77,20.97,6.65,147.34,Kharif,Bokaro,Sandy,3500,Low,cotton
97,100,32,31.87,53.0,6.98,284.09,Rabi,Bokaro,Loamy,2100,Low,chickpea
56,21,167,35.6,83.66,5.71,134.32,Rabi,Dhanbad,Loamy,2100,Low,chickpea
9,82,131,17.9,36.44,6.65,128.82,Kharif,Bokaro,Loamy,1800,Medium,rice
107,44,111,31.37,78.36,6.96,282.93,Rabi,Bokaro,Loamy,1900,Low,lentil
94,60,118,26.12,36.53,5.95,294.66,Kharif,Bokaro,Loamy,1800,Medium,rice
91,20,106,21.9,87.77,8.3,250.77,Rabi,Ranchi,Loamy,1900,Low,lentil
5,17,90,21.09,28.81,6.76,39.21,Kharif,Hazaribagh,Sandy,3500,Low,cotton
55,64,89,34.36,75.21,6.88,97.64,Kharif,Dhanbad,Sandy,3500,Low,cotton
138,69,49,17.75,80.65,5.03,120.31,Kharif,Dhanbad,Clayey,1700,High,maize
82,9,49,21.63,28.87,6.18,51.82,Rabi,Ranchi,Loamy,2100,Low,chickpea
114,97,136,29.84,51.64,5.39,192.23,Kharif,Hazaribagh,Sandy,2200,Medium,groundnut
117,12,20,39.96,79.31,6.21,50.23,Zaid,Jamshedpur,Clayey,3000,High,sugarcane
20,87,160,18.71,28.83,7.0,183.9,Rabi,Bokaro,Sandy,2000,Low,wheat
135,80,121,27.64,50.11,7.67,52.04,Rabi,Hazaribagh,Sandy,1600,Medium,barley
110,120,63,25.35,77.92,6.09,224.29,Kharif,Bokaro,Sandy,3500,Low,cotton
80,70,100,38.84,68.08,6.4,45.54,Rabi,Ranchi,Sandy,1600,Medium,barley
110,29,195,33.47,76.82,6.73,184.21,Rabi,Hazaribagh,Sandy,2000,Low,wheat
84,36,110,23.84,66.57,7.5,263.07,Rabi,Ranchi,Loamy,1900,Low,lentil
79,95,31,29.45,34.89,7.13,82.79,Zaid,Ranchi,Clayey,3000,High,sugarcane
94,34,200,21.96,35.83,6.22,177.07,Rabi,Hazaribagh,Loamy,1500,Low,millet
6,73,12,19.51,69.19,5.74,115.15,Rabi,Ranchi,Loamy,2100,Low,chickpea
36,107,22,18.55,64.32,4.62,228.91,Kharif,Dhanbad,Clayey,1700,High,maize
107,121,92,18.94,41.81,5.8,283.59,Rabi,Hazaribagh,Sandy,1600,Medium,barley
13,44,45,33.86,23.48,4.83,144.07,Rabi,Jamshedpur,Sandy,2000,Low,wheat
113,111,74,20.39,55.86,5.88,51.05,Kharif,Hazaribagh,Sandy,2200,Medium,groundnut
134,83,16,20.51,88.91,4.72,77.24,Kharif,Dhanbad,Sandy,2200,Medium,groundnut
65,79,88,18.0,54.82,6.22,56.17,Kharif,Hazaribagh,Clayey,1700,High,maize
128,95,23,24.93,71.94,6.24,148.73,Kharif,Ranchi,Sandy,3500,Low,cotton
109,108,186,31.0,40.27,6.12,290.54,Rabi,Dhanbad,Loamy,1500,Low,millet
117,97,27,25.92,27.41,6.24,132.13,Rabi,Ranchi,Loamy,2100,Low,chickpea
79,91,61,23.33,31.77,6.54,51.93,Rabi,Hazaribagh,Sandy,1600,Medium,barley
89,94,191,38.96,65.18,5.09,48.79,Kharif,Bokaro,Sandy,3500,Low,cotton
44,44,199,33.98,25.27,8.31,195.83,Kharif,Jamshedpur,Sandy,3500,Low,cotton
114,87,165,22.9,50.78,6.38,196.79,Rabi,Bokaro,Loamy,2100,Low,chickpea
14,95,134,16.85,52.32,4.65,123.25,Rabi,Bokaro,Loamy,2100,Low,chickpea
23,134,103,26.57,58.8,7.67,270.85,Rabi,Jamshedpur,Sandy,2000,Low,wheat
48,87,159,26.89,30.56,4.75,48.98,Rabi,Bokaro,Loamy,2100,Low,chickpea
129,49,15,21.19,50.64,6.26,166.37,Rabi,Dhanbad,Sandy,2000,Low,wheat
95,77,104,25.22,43.69,6.89,240.98,Rabi,Bokaro,Loamy,1500,Low,millet
84,29,147,31.96,39.89,7.39,203.84,Rabi,Hazaribagh,Sandy,2000,Low,wheat
85,25,154,31.59,84.17,5.74,203.7,Kharif,Jamshedpur,Clayey,1700,High,maize
21,84,148,24.42,75.42,7.75,207.63,Kharif,Hazaribagh,Clayey,1700,High,maize
108,135,97,15.46,41.62,8.3,115.69,Rabi,Jamshedpur,Sandy,2000,Low,wheat
57,40,44,16.93,79.11,4.9,235.84,Kharif,Hazaribagh,Sandy,3500,Low,cotton
86,38,157,24.42,31.36,7.83,235.91,Kharif,Dhanbad,Loamy,1800,Medium,rice
11,110,98,31.91,36.63,6.28,99.78,Kharif,Jamshedpur,Sandy,2200,Medium,groundnut
136,66,84,39.14,74.91,8.12,74.32,Kharif,Hazaribagh,Sandy,3500,Low,cotton
118,77,204,24.55,56.92,8.37,248.73,Kharif,Hazaribagh,Sandy,2200,Medium,groundnut
64,18,169,27.01,45.98,8.24,219.19,Kharif,Hazaribagh,Clayey,1700,High,maize
72,26,200,19.01,51.45,6.55,252.69,Rabi,Ranchi,Sandy,2000,Low,wheat
115,94,11,25.37,47.75,6.0,128.13,Kharif,Ranchi,Sandy,3500,Low,cotton
57,12,86,38.27,78.74,7.1,241.59,Rabi,Dhanbad,Loamy,1500,Low,millet
73,125,183,35.78,73.12,6.38,192.3,Kharif,Ranchi,Loamy,1800,Medium,rice
65,60,43,28.72,70.91,6.61,51.13,Kharif,Bokaro,Loamy,1800,Medium,rice
77,36,17,20.96,64.73,6.99,37.59,Kharif,Jamshedpur,Sandy,3500,Low,cotton
137,9,166,27.88,36.94,5.07,140.19,Rabi,Hazaribagh,Loamy,2100,Low,chickpea
61,111,52,31.61,25.99,8.4,38.95,Rabi,Hazaribagh,Loamy,1500,Low,millet
129,134,146,15.51,81.13,4.67,128.33,Rabi,Bokaro,Loamy,1900,Low,lentil
4,96,22,23.62,71.31,7.01,236.02,Zaid,Bokaro,Clayey,3000,High,sugarcane
11,95,144,23.46,65.0,7.82,211.71,Kharif,Jamshedpur,Clayey,1700,High,maize
34,21,188,34.4,52.04,5.67,32.27,Kharif,Dhanbad,Clayey,1700,High,maize
80,84,136,24.96,77.08,6.39,30.25,Kharif,Dhanbad,Loamy,1800,Medium,rice
91,17,172,23.3,28.71,5.97,269.06,Zaid,Jamshedpur,Clayey,3000,High,sugarcane
86,52,132,32.3,45.71,7.69,94.68,Rabi,Ranchi,Sandy,1600,Medium,barley
20,115,159,39.88,32.63,5.68,48.73,Rabi,Bokaro,Sandy,1600,Medium,barley
78,119,159,32.94,31.67,6.28,145.2,Zaid,Bokaro,Clayey,3000,High,sugarcane
111,75,168,39.5,86.35,4.8,198.5,Rabi,Bokaro,Loamy,2100,Low,chickpea
40,12,41,36.22,67.47,6.25,55.34,Rabi,Dhanbad,Loamy,1900,Low,lentil
92,103,150,15.81,30.74,6.3,123.87,Rabi,Jamshedpur,Loamy,1500,Low,millet
35,140,98,24.95,65.47,5.5,51.77,Rabi,Dhanbad,Sandy,2000,Low,wheat
132,104,148,17.94,74.25,7.32,80.08,Kharif,Hazaribagh,Sandy,2200,Medium,groundnut
125,56,36,18.39,25.18,5.19,219.74,Zaid,Ranchi,Clayey,3000,High,sugarcane
88,21,145,28.55,82.39,7.91,219.31,Rabi,Dhanbad,Loamy,1500,Low,millet
130,62,36,39.63,75.44,5.45,158.33,Rabi,Bokaro,Loamy,1500,Low,millet
94,124,146,18.24,81.9,4.76,131.48,Rabi,Jamshedpur,Loamy,1900,Low,lentil
105,109,152,16.84,88.07,7.07,145.99,Rabi,Hazaribagh,Loamy,1900,Low,lentil
32,51,201,39.16,50.28,8.14,35.52,Rabi,Ranchi,Loamy,1500,Low,millet
39,82,47,19.05,85.43,5.4,285.3,Rabi,Hazaribagh,Loamy,1900,Low,lentil
20,69,55,30.88,58.56,5.0,104.79,Zaid,Hazaribagh,Clayey,3000,High,sugarcane
128,48,156,38.54,30.79,7.13,221.78,Rabi,Hazaribagh,Sandy,2000,Low,wheat
10,12,25,16.14,64.9,6.81,202.32,Rabi,Hazaribagh,Loamy,1500,Low,millet
7,132,165,28.64,64.93,5.71,88.57,Rabi,Jamshedpur,Sandy,1600,Medium,barley
116,23,181,16.5,50.77,6.44,77.13,Zaid,Hazaribagh,Clayey,3000,High,sugarcane
80,86,192,39.7,44.18,6.09,232.99,Kharif,Hazaribagh,Clayey,1700,High,maize
27,86,66,26.66,38.72,5.49,47.11,Rabi,Bokaro,Loamy,1900,Low,lentil
107,68,45,35.34,85.36,7.38,73.15,Rabi,Dhanbad,Sandy,1600,Medium,barley
131,124,132,36.98,54.82,4.86,130.11,Kharif,Jamshedpur,Sandy,2200,Medium,groundnut
55,95,17,16.26,54.64,8.03,203.19,Kharif,Jamshedpur,Sandy,3500,Low,cotton
137,7,32,25.77,81.77,7.41,233.88,Zaid,Bokaro,Clayey,3000,High,sugarcane
102,18,150,29.05,45.38,5.65,128.18,Kharif,Jamshedpur,Loamy,1800,Medium,rice
71,35,37,39.38,47.57,7.68,114.94,Rabi,Bokaro,Loamy,1900,Low,lentil
50,135,107,27.5,23.17,5.05,113.25,Kharif,Jamshedpur,Clayey,1700,High,maize
116,43,160,37.33,29.78,8.23,109.19,Rabi,Jamshedpur,Loamy,1900,Low,lentil
76,91,134,35.71,57.26,7.33,103.94,Rabi,Ranchi,Loamy,2100,Low,chickpea
84,33,111,29.59,75.77,7.4,212.65,Rabi,Ranchi,Loamy,1500,Low,millet
121,72,172,34.57,74.33,6.81,221.99,Rabi,Hazaribagh,Loamy,2100,Low,chickpea
43,139,166,33.03,74.22,6.02,250.07,Kharif,Dhanbad,Sandy,2200,Medium,groundnut
28,53,9,26.03,49.31,6.15,77.09,Kharif,Hazaribagh,Loamy,1800,Medium,rice
120,20,185,18.45,34.51,5.8,205.42,Rabi,Hazaribagh,Loamy,2100,Low,chickpea
80,49,122,37.8,43.96,5.92,236.16,Rabi,Bokaro,Sandy,1600,Medium,barley
123,54,68,21.98,40.89,8.27,295.03,Rabi,Bokaro,Loamy,2100,Low,chickpea
125,86,127,23.72,85.36,7.68,96.57,Kharif,Ranchi,Sandy,3500,Low,cotton
139,102,106,35.46,86.82,7.72,101.33,Rabi,Bokaro,Loamy,2100,Low,chickpea
88,118,172,21.41,53.54,5.31,170.8,Rabi,Hazaribagh,Sandy,2000,Low,wheat
35,32,162,33.52,36.75,4.7,273.45,Zaid,Dhanbad,Clayey,3000,High,sugarcane
13,30,110,23.26,53.07,7.22,58.49,Kharif,Hazaribagh,Sandy,3500,Low,cotton
104,126,127,31.26,72.91,5.65,99.92,Kharif,Ranchi,Clayey,1700,High,maize
59,141,194,33.08,85.57,8.15,69.02,Rabi,Dhanbad,Sandy,2000,Low,wheat
101,131,52,38.42,87.35,8.2,265.49,Kharif,Ranchi,Loamy,1800,Medium,rice
27,90,77,26.36,64.89,6.6,268.99,Zaid,Dhanbad,Clayey,3000,High,sugarcane
119,74,54,35.22,43.15,7.42,201.52,Rabi,Dhanbad,Loamy,1900,Low,lentil
86,80,150,31.86,33.52,6.94,198.84,Kharif,Jamshedpur,Loamy,1800,Medium,rice
131,88,27,25.02,26.68,8.43,153.69,Rabi,Dhanbad,Sandy,1600,Medium,barley
66,103,65,26.17,38.69,5.82,183.09,Kharif,Hazaribagh,Loamy,1800,Medium,rice
66,97,182,20.91,66.75,6.36,64.72,Kharif,Hazaribagh,Loamy,1800,Medium,rice
30,80,99,30.37,35.34,5.03,62.89,Zaid,Hazaribagh,Clayey,3000,High,sugarcane
106,145,125,33.93,76.14,7.8,233.32,Rabi,Hazaribagh,Loamy,1500,Low,millet
134,119,140,32.59,25.47,6.76,37.29,Rabi,Hazaribagh,Sandy,2000,Low,wheat
51,142,43,19.11,79.81,6.27,210.48,Rabi,Hazaribagh,Loamy,1900,Low,lentil
23,135,119,35.22,51.74,6.55,147.9,Kharif,Ranchi,Sandy,2200,Medium,groundnut
118,83,190,15.54,37.81,4.51,81.01,Rabi,Ranchi,Loamy,1900,Low,lentil
108,93,184,16.59,89.59,8.24,39.33,Kharif,Jamshedpur,Loamy,1800,Medium,rice
73,109,51,34.22,73.61,8.41,200.85,Kharif,Jamshedpur,Loamy,1800,Medium,rice
97,119,101,24.39,67.79,7.15,171.0,Rabi,Bokaro,Loamy,1500,Low,millet
45,142,105,28.22,70.95,5.39,20.97,Rabi,Ranchi,Sandy,2000,Low,wheat
118,144,113,28.3,77.64,5.49,116.92,Zaid,Bokaro,Clayey,3000,High,sugarcane
28,13,174,25.48,73.62,8.04,24.38,Kharif,Dhanbad,Sandy,3500,Low,cotton
25,13,119,29.94,69.23,4.69,227.35,Rabi,Jamshedpur,Sandy,2000,Low,wheat
59,143,60,33.86,74.32,5.06,298.18,Kharif,Dhanbad,Sandy,2200,Medium,groundnut
81,87,65,22.54,30.03,7.14,81.89,Rabi,Bokaro,Loamy,2100,Low,chickpea
15,49,165,31.97,58.91,4.69,116.44,Zaid,Jamshedpur,Clayey,3000,High,sugarcane
81,111,109,18.73,46.35,7.52,152.59,Rabi,Dhanbad,Loamy,1900,Low,lentil
36,123,19,29.06,87.75,6.73,57.55,Zaid,Dhanbad,Clayey,3000,High,sugarcane
52,89,170,16.98,51.49,5.98,169.98,Zaid,Dhanbad,Clayey,3000,High,sugarcane
68,101,177,30.12,22.77,4.79,245.3,Kharif,Hazaribagh,Loamy,1800,Medium,rice
55,127,58,36.74,43.31,8.33,24.29,Rabi,Dhanbad,Loamy,1900,Low,lentil
122,67,183,30.11,34.32,8.16,174.58,Rabi,Bokaro,Sandy,2000,Low,wheat
119,141,171,23.98,38.31,6.55,159.24,Rabi,Ranchi,Sandy,1600,Medium,barley
81,57,99,22.82,23.2,7.96,227.55,Kharif,Ranchi,Sandy,2200,Medium,groundnut
106,80,44,19.9,36.1,6.78,88.8,Zaid,Hazaribagh,Clayey,3000,High,sugarcane
65,130,190,31.04,54.34,5.17,242.59,Rabi,Dhanbad,Loamy,1500,Low,millet
139,130,52,37.92,57.95,7.07,36.44,Kharif,Ranchi,Clayey,1700,High,maize
12,6,110,18.44,64.15,4.77,62.29,Rabi,Dhanbad,Sandy,2000,Low,wheat
116,100,20,30.45,66.67,6.97,155.3,Rabi,Jamshedpur,Loamy,1900,Low,lentil
1,141,146,25.28,21.17,7.39,170.01,Kharif,Bokaro,Loamy,1800,Medium,rice
128,115,50,17.68,26.74,5.1,73.74,Kharif,Hazaribagh,Loamy,1800,Medium,rice
90,73,106,16.98,87.15,6.34,88.1,Zaid,Dhanbad,Clayey,3000,High,sugarcane
20,13,28,25.13,46.4,6.4,198.29,Zaid,Dhanbad,Clayey,3000,High,sugarcane
127,116,170,34.61,59.61,7.93,46.7,Rabi,Hazaribagh,Sandy,2000,Low,wheat
58,59,182,37.19,53.29,4.69,40.82,Kharif,Bokaro,Loamy,1800,Medium,rice
8,50,85,15.39,34.5,5.08,249.79,Rabi,Jamshedpur,Loamy,1900,Low,lentil
76,46,149,21.01,78.43,6.06,271.03,Rabi,Bokaro,Sandy,2000,Low,wheat
35,25,133,33.64,44.21,4.89,85.0,Rabi,Ranchi,Sandy,1600,Medium,barley
101,88,12,30.85,74.85,6.3,83.88,Rabi,Hazaribagh,Loamy,1500,Low,millet
110,52,179,29.65,46.61,7.59,102.71,Rabi,Dhanbad,Sandy,1600,Medium,barley
21,73,44,24.5,74.87,5.12,129.09,Rabi,Bokaro,Sandy,2000,Low,wheat
23,6,83,26.12,73.29,4.91,44.44,Rabi,Jamshedpur,Sandy,2000,Low,wheat
131,109,31,15.66,44.77,4.87,187.45,Kharif,Bokaro,Sandy,2200,Medium,groundnut
3,79,110,24.69,25.93,8.1,273.46,Rabi,Dhanbad,Sandy,1600,Medium,barley
133,48,180,24.52,29.72,5.7,158.07,Rabi,Ranchi,Loamy,2100,Low,chickpea
111,75,112,22.49,74.79,5.94,284.38,Kharif,Jamshedpur,Clayey,1700,High,maize
50,122,32,18.39,20.47,6.08,255.65,Rabi,Jamshedpur,Loamy,2100,Low,chickpea
112,90,115,35.39,80.17,8.4,58.11,Rabi,Bokaro,Loamy,1500,Low,millet
51,127,85,19.44,47.88,5.78,225.76,Rabi,Jamshedpur,Loamy,2100,Low,chickpea
62,88,101,22.01,75.01,5.96,280.98,Rabi,Dhanbad,Loamy,2100,Low,chickpea
139,51,179,34.19,21.88,7.41,284.03,Rabi,Dhanbad,Loamy,2100,Low,chickpea
74,22,109,31.82,29.74,5.71,90.75,Kharif,Dhanbad,Sandy,2200,Medium,groundnut
96,23,119,39.77,53.55,6.1,161.85,Rabi,Jamshedpur,Sandy,1600,Medium,barley
9,97,184,37.39,57.58,7.05,43.79,Rabi,Dhanbad,Loamy,1900,Low,lentil
42,16,149,39.59,67.42,6.1,230.75,Rabi,Jamshedpur,Loamy,1500,Low,millet
2,30,71,20.55,72.28,6.73,212.55,Rabi,Dhanbad,Sandy,2000,Low,wheat
95,105,123,34.31,61.2,6.5,116.59,Kharif,Ranchi,Sandy,2200,Medium,groundnut
26,80,111,38.01,26.01,7.83,224.44,Kharif,Bokaro,Sandy,2200,Medium,groundnut
87,121,205,20.17,53.8,6.4,142.69,Zaid,Jamshedpur,Clayey,3000,High,sugarcane
17,81,16,35.25,28.06,7.9,201.43,Rabi,Dhanbad,Loamy,1500,Low,millet
132,49,146,19.0,59.19,8.33,84.92,Kharif,Jamshedpur,Sandy,3500,Low,cotton
47,115,106,15.73,62.99,5.29,185.82,Kharif,Jamshedpur,Clayey,1700,High,maize
54,57,76,33.81,76.61,4.75,48.49,Kharif,Hazaribagh,Loamy,1800,Medium,rice
93,88,55,26.44,38.36,7.95,167.76,Kharif,Bokaro,Clayey,1700,High,maize
99,105,155,17.86,44.64,6.33,68.31,Rabi,Bokaro,Loamy,2100,Low,chickpea
21,39,85,17.95,41.38,5.23,214.16,Rabi,Hazaribagh,Loamy,2100,Low,chickpea
107,40,152,24.59,33.0,7.04,214.16,Rabi,Dhanbad,Sandy,1600,Medium,barley
42,130,78,18.51,42.02,6.3,35.01,Rabi,Bokaro,Loamy,1900,Low,lentil
124,39,54,35.38,87.47,6.52,158.59,Kharif,Jamshedpur,Loamy,1800,Medium,rice
113,130,47,17.07,22.16,7.54,101.79,Rabi,Bokaro,Sandy,1600,Medium,barley
137,78,48,34.52,59.6,7.59,158.69,Kharif,Hazaribagh,Sandy,3500,Low,cotton
29,73,203,28.58,89.36,6.67,231.9,Rabi,Jamshedpur,Sandy,2000,Low,wheat
55,113,31,33.4,65.76,5.49,264.95,Rabi,Ranchi,Loamy,1900,Low,lentil
67,94,27,25.98,89.58,7.6,86.34,Kharif,Hazaribagh,Sandy,2200,Medium,groundnut
109,47,162,18.48,34.46,5.33,36.62,Rabi,Bokaro,Loamy,1500,Low,millet
71,142,48,23.09,69.28,5.66,94.86,Rabi,Hazaribagh,Loamy,1900,Low,lentil
34,110,20,39.81,80.69,5.01,262.5,Rabi,Dhanbad,Sandy,2000,Low,wheat
82,68,199,36.09,47.49,5.07,197.07,Kharif,Jamshedpur,Clayey,1700,High,maize
115,24,167,34.86,73.82,6.11,229.94,Rabi,Bokaro,Sandy,1600,Medium,barley
124,88,153,15.06,74.19,7.43,224.66,Kharif,Jamshedpur,Sandy,2200,Medium,groundnut
16,141,106,20.45,50.08,5.35,95.19,Rabi,Bokaro,Loamy,1500,Low,millet
140,38,149,36.31,75.18,8.08,233.43,Rabi,Ranchi,Loamy,1500,Low,millet
117,9,36,38.24,31.06,6.33,297.71,Rabi,Jamshedpur,Sandy,2000,Low,wheat
33,82,45,36.86,81.36,4.87,120.92,Kharif,Ranchi,Sandy,3500,Low,cotton
42,18,106,30.64,70.82,7.52,140.18,Rabi,Ranchi,Loamy,1500,Low,millet
0,59,127,16.95,61.56,6.58,144.62,Rabi,Ranchi,Sandy,2000,Low,wheat
30,113,182,18.3,24.96,6.03,224.61,Rabi,Ranchi,Loamy,1500,Low,millet
80,99,81,18.43,74.14,7.51,57.28,Rabi,Dhanbad,Sandy,2000,Low,wheat
135,7,161,31.25,50.81,7.39,195.86,Rabi,Dhanbad,Sandy,2000,Low,wheat
113,60,27,37.41,29.8,4.99,224.4,Rabi,Bokaro,Sandy,1600,Medium,barley
80,40,68,21.92,25.9,6.71,188.0,Rabi,Hazaribagh,Sandy,1600,Medium,barley
6,82,57,27.94,55.67,7.49,102.75,Zaid,Ranchi,Clayey,3000,High,sugarcane
126,103,33,21.03,64.67,4.78,268.84,Kharif,Ranchi,Sandy,3500,Low,cotton
81,38,104,36.52,59.79,5.96,211.22,Rabi,Jamshedpur,Loamy,1500,Low,millet
4,22,8,21.55,22.79,4.74,241.0,Rabi,Hazaribagh,Sandy,2000,Low,wheat
128,111,113,32.55,25.77,6.65,192.49,Zaid,Bokaro,Clayey,3000,High,sugarcane
79,25,135,38.02,88.2,5.12,111.49,Rabi,Hazaribagh,Sandy,2000,Low,wheat
79,116,191,38.84,36.7,5.48,278.9,Rabi,Ranchi,Sandy,2000,Low,wheat
14,84,175,33.54,71.85,4.98,218.21,Kharif,Ranchi,Sandy,2200,Medium,groundnut
127,93,138,27.93,77.58,5.54,124.12,Kharif,Bokaro,Clayey,1700,High,maize
7,90,114,21.8,24.47,7.35,181.46,Rabi,Ranchi,Sandy,2000,Low,wheat
116,135,97,16.39,80.16,5.17,64.05,Kharif,Ranchi,Sandy,2200,Medium,groundnut
29,63,194,27.72,23.08,7.95,88.47,Rabi,Jamshedpur,Loamy,2100,Low,chickpea
98,43,50,38.28,80.02,6.71,275.91,Rabi,Jamshedpur,Loamy,1500,Low,millet
82,68,111,37.9,42.4,7.8,180.03,Kharif,Ranchi,Sandy,3500,Low,cotton
13,50,62,35.11,88.7,8.32,39.3,Rabi,Jamshedpur,Loamy,1900,Low,lentil
79,88,27,28.83,20.56,5.3,177.87,Zaid,Bokaro,Clayey,3000,High,sugarcane
62,123,99,29.79,54.54,7.59,74.72,Rabi,Hazaribagh,Loamy,2100,Low,chickpea
38,6,109,15.6,57.91,7.04,214.17,Kharif,Ranchi,Sandy,3500,Low,cotton
0,101,193,33.18,27.28,6.62,86.69,Rabi,Jamshedpur,Loamy,1500,Low,millet
36,76,28,16.1,36.2,7.88,135.66,Kharif,Bokaro,Loamy,1800,Medium,rice
21,29,134,18.34,77.4,4.8,178.99,Kharif,Jamshedpur,Sandy,2200,Medium,groundnut
60,79,71,36.27,84.82,6.07,252.93,Kharif,Bokaro,Clayey,1700,High,maize
115,74,64,16.87,34.19,7.62,183.72,Rabi,Dhanbad,Loamy,1500,Low,millet
42,120,124,22.85,28.45,5.93,235.69,Rabi,Jamshedpur,Sandy,2000,Low,wheat
118,72,35,17.26,76.53,5.72,217.32,Zaid,Hazaribagh,Clayey,3000,High,sugarcane
55,88,42,17.28,37.38,5.92,163.77,Kharif,Bokaro,Loamy,1800,Medium,rice
44,12,108,36.37,58.92,6.7,46.52,Zaid,Ranchi,Clayey,3000,High,sugarcane
31,8,20,35.76,88.78,5.02,250.63,Kharif,Bokaro,Clayey,1700,High,maize
66,24,10,39.93,33.84,7.08,246.6,Rabi,Ranchi,Sandy,2000,Low,wheat
31,15,123,16.27,84.69,6.23,222.84,Rabi,Jamshedpur,Loamy,1500,Low,millet
97,114,49,23.85,83.58,5.6,144.88,Kharif,Dhanbad,Loamy,1800,Medium,rice
62,80,132,25.3,58.55,4.74,98.34,Kharif,Dhanbad,Loamy,1800,Medium,rice
51,139,68,30.77,76.15,7.68,297.03,Rabi,Bokaro,Sandy,1600,Medium,barley
139,129,93,37.82,55.17,6.05,70.35,Kharif,Bokaro,Sandy,2200,Medium,groundnut
56,12,204,22.02,76.61,6.39,120.08,Rabi,Hazaribagh,Loamy,2100,Low,chickpea
40,30,68,31.42,38.66,7.77,276.83,Kharif,Ranchi,Sandy,3500,Low,cotton
99,95,49,19.4,61.48,7.72,215.34,Kharif,Hazaribagh,Sandy,3500,Low,cotton
90,41,149,38.71,78.57,7.74,291.71,Kharif,Hazaribagh,Loamy,1800,Medium,rice
44,130,14,17.26,36.28,5.38,167.41,Zaid,Ranchi,Clayey,3000,High,sugarcane
51,38,92,32.92,84.31,7.88,110.6,Rabi,Ranchi,Loamy,1500,Low,millet
36,33,139,36.52,87.24,5.99,283.74,Kharif,Jamshedpur,Clayey,1700,High,maize
25,91,82,23.07,88.31,7.43,142.32,Rabi,Jamshedpur,Loamy,2100,Low,chickpea
44,96,62,31.64,77.01,6.01,225.52,Rabi,Bokaro,Loamy,1500,Low,millet
45,5,184,38.72,47.41,8.48,290.25,Kharif,Ranchi,Clayey,1700,High,maize
81,61,168,29.14,85.57,5.06,228.7,Kharif,Dhanbad,Clayey,1700,High,maize
81,47,167,37.13,26.21,7.34,198.95,Rabi,Bokaro,Loamy,1500,Low,millet
2,72,58,21.24,24.75,5.53,50.25,Kharif,Ranchi,Sandy,2200,Medium,groundnut
98,117,192,25.49,31.64,6.16,266.9,Kharif,Bokaro,Loamy,1800,Medium,rice
96,30,127,34.72,60.46,7.53,83.16,Rabi,Jamshedpur,Loamy,1900,Low,lentil
8,80,10,22.97,86.62,4.8,67.63,Rabi,Jamshedpur,Sandy,2000,Low,wheat
19,145,28,23.45,88.97,8.07,217.26,Kharif,Jamshedpur,Clayey,1700,High,maize
111,45,18,17.53,34.39,5.26,215.22,Kharif,Hazaribagh,Clayey,1700,High,maize
72,81,65,17.4,47.5,6.7,157.47,Zaid,Ranchi,Clayey,3000,High,sugarcane
0,114,27,22.36,66.34,6.9,75.91,Rabi,Ranchi,Loamy,1500,Low,millet
43,79,25,26.84,28.09,7.64,151.86,Kharif,Bokaro,Sandy,3500,Low,cotton
139,104,52,24.28,46.7,5.25,32.49,Rabi,Jamshedpur,Sandy,2000,Low,wheat
67,62,73,29.11,30.58,7.29,47.08,Kharif,Bokaro,Sandy,2200,Medium,groundnut
105,63,146,16.52,47.1,6.59,290.38,Rabi,Jamshedpur,Loamy,1900,Low,lentil
60,126,81,16.97,83.19,7.36,160.59,Rabi,Hazaribagh,Loamy,2100,Low,chickpea
37,35,198,26.23,86.43,5.17,79.33,Rabi,Dhanbad,Loamy,2100,Low,chickpea
10,113,25,39.71,50.48,8.49,195.62,Kharif,Hazaribagh,Clayey,1700,High,maize
81,22,27,24.7,47.81,5.8,97.34,Zaid,Jamshedpur,Clayey,3000,High,sugarcane
133,112,33,25.36,30.37,6.85,232.35,Kharif,Ranchi,Loamy,1800,Medium,rice
25,78,142,37.0,81.45,5.56,203.34,Rabi,Hazaribagh,Sandy,2000,Low,wheat
121,14,49,21.89,30.07,6.93,214.23,Rabi,Ranchi,Loamy,2100,Low,chickpea
84,65,17,33.64,84.46,8.09,25.67,Rabi,Bokaro,Sandy,1600,Medium,barley
71,130,183,32.12,88.07,5.41,104.13,Zaid,Jamshedpur,Clayey,3000,High,sugarcane
68,111,159,31.14,33.16,5.35,250.71,Rabi,Jamshedpur,Loamy,1500,Low,millet
95,19,136,34.79,24.59,7.34,132.95,Rabi,Hazaribagh,Loamy,1900,Low,lentil
7,49,54,36.88,34.05,4.73,29.26,Rabi,Ranchi,Loamy,2100,Low,chickpea
50,75,99,35.59,55.36,7.04,54.68,Rabi,Ranchi,Loamy,1500,Low,millet
95,130,157,26.15,87.24,6.4,174.37,Kharif,Bokaro,Sandy,3500,Low,cotton
66,28,77,15.69,23.48,7.92,238.35,Kharif,Dhanbad,Clayey,1700,High,maize
57,57,73,31.29,55.93,7.96,290.8,Kharif,Ranchi,Sandy,3500,Low,cotton
33,49,158,35.02,35.66,6.93,284.04,Kharif,Bokaro,Sandy,2200,Medium,groundnut
96,94,122,21.3,52.67,7.21,250.81,Rabi,Jamshedpur,Sandy,1600,Medium,barley
26,6,135,39.99,87.65,7.86,177.21,Rabi,Hazaribagh,Loamy,2100,Low,chickpea
72,81,180,17.7,24.47,8.45,199.37,Rabi,Bokaro,Loamy,2100,Low,chickpea
76,53,43,27.93,36.82,4.73,260.05,Zaid,Hazaribagh,Clayey,3000,High,sugarcane
81,40,189,15.64,54.82,5.68,273.94,Rabi,Jamshedpur,Sandy,1600,Medium,barley
9,53,92,33.16,35.57,6.64,239.77,Rabi,Bokaro,Sandy,1600,Medium,barley
76,48,173,36.91,32.68,4.89,55.82,Rabi,Bokaro,Loamy,1900,Low,lentil
46,90,172,17.23,44.87,7.48,105.98,Rabi,Bokaro,Loamy,1900,Low,lentil
66,80,123,36.28,52.94,7.97,183.4,Rabi,Hazaribagh,Loamy,1500,Low,millet
120,54,133,18.0,67.65,6.62,135.67,Rabi,Dhanbad,Sandy,2000,Low,wheat
51,92,109,39.68,82.5,8.45,60.1,Kharif,Dhanbad,Clayey,1700,High,maize
124,90,166,39.67,41.94,4.73,146.57,Rabi,Dhanbad,Sandy,2000,Low,wheat
40,130,200,34.49,29.06,6.23,140.23,Kharif,Jamshedpur,Clayey,1700,High,maize
98,6,14,28.34,71.15,8.3,269.76,Kharif,Hazaribagh,Sandy,2200,Medium,groundnut
4,6,165,33.34,35.84,8.01,107.39,Kharif,Ranchi,Sandy,3500,Low,cotton
128,83,47,16.63,23.2,8.29,147.66,Rabi,Hazaribagh,Sandy,1600,Medium,barley
134,91,116,37.2,89.68,5.87,272.39,Rabi,Bokaro,Loamy,2100,Low,chickpea
42,108,9,20.71,70.9,5.02,225.54,Kharif,Hazaribagh,Sandy,3500,Low,cotton
43,36,98,32.78,75.45,6.0,199.29,Rabi,Hazaribagh,Loamy,1900,Low,lentil
12,17,174,17.7,78.53,4.69,52.42,Rabi,Jamshedpur,Loamy,2100,Low,chickpea
31,145,69,26.86,30.72,7.28,196.49,Rabi,Bokaro,Sandy,1600,Medium,barley
25,138,74,30.57,69.05,6.18,271.61,Rabi,Hazaribagh,Sandy,1600,Medium,barley
30,77,34,34.62,54.84,6.94,237.83,Rabi,Hazaribagh,Loamy,2100,Low,chickpea
91,109,80,19.01,58.37,8.14,212.7,Kharif,Jamshedpur,Sandy,3500,Low,cotton
60,5,8,31.79,83.48,7.84,207.33,Rabi,Dhanbad,Loamy,1500,Low,millet
130,24,190,33.09,83.33,7.08,147.89,Rabi,Bokaro,Sandy,2000,Low,wheat
118,17,30,35.33,81.19,7.91,120.86,Zaid,Bokaro,Clayey,3000,High,sugarcane
29,29,199,37.26,20.68,5.05,201.22,Rabi,Bokaro,Sandy,1600,Medium,barley
112,73,192,17.32,77.05,5.23,132.22,Rabi,Jamshedpur,Loamy,1500,Low,millet
98,127,112,31.22,75.78,4.95,214.93,Zaid,Ranchi,Clayey,3000,High,sugarcane
26,111,156,27.07,59.83,6.25,191.17,Kharif,Bokaro,Clayey,1700,High,maize
7,38,128,38.01,27.91,6.15,32.87,Rabi,Bokaro,Loamy,2100,Low,chickpea
3,139,201,33.59,70.66,5.4,287.61,Rabi,Bokaro,Loamy,1500,Low,millet
133,29,115,31.54,37.4,5.88,209.36,Rabi,Jamshedpur,Loamy,1900,Low,lentil
13,7,169,38.36,55.39,6.38,158.83,Kharif,Dhanbad,Clayey,1700,High,maize
125,87,66,23.27,39.47,6.53,174.14,Rabi,Jamshedpur,Sandy,2000,Low,wheat
60,25,122,26.1,60.11,4.85,159.57,Rabi,Bokaro,Sandy,1600,Medium,barley
127,9,31,25.09,22.51,6.7,251.25,Rabi,Hazaribagh,Sandy,2000,Low,wheat
77,135,148,20.17,67.0,8.3,121.74,Rabi,Ranchi,Loamy,2100,Low,chickpea
116,89,148,34.19,62.0,7.37,121.72,Kharif,Jamshedpur,Sandy,3500,Low,cotton
24,61,5,23.53,78.09,8.36,101.76,Rabi,Hazaribagh,Sandy,2000,Low,wheat
27,16,47,27.31,77.53,7.47,134.58,Rabi,Bokaro,Loamy,1500,Low,millet
50,53,35,38.26,47.5,6.33,238.8,Rabi,Bokaro,Loamy,2100,Low,chickpea
106,16,167,35.94,61.22,7.59,146.14,Rabi,Hazaribagh,Sandy,2000,Low,wheat
34,132,6,28.26,23.4,8.24,254.87,Rabi,Jamshedpur,Loamy,1900,Low,lentil
45,49,192,35.38,27.25,7.13,189.73,Rabi,Bokaro,Loamy,1900,Low,lentil
98,112,160,37.9,73.37,5.59,289.81,Rabi,Bokaro,Loamy,1900,Low,lentil
34,40,110,30.06,82.05,6.55,256.06,Kharif,Hazaribagh,Sandy,2200,Medium,groundnut
55,56,58,30.6,40.34,5.88,208.26,Rabi,Dhanbad,Loamy,1500,Low,millet
138,87,186,17.89,44.66,6.42,179.78,Rabi,Jamshedpur,Loamy,1900,Low,lentil
73,113,8,28.07,21.77,5.08,207.67,Rabi,Dhanbad,Loamy,1900,Low,lentil
41,78,179,21.26,78.76,7.26,102.64,Zaid,Hazaribagh,Clayey,3000,High,sugarcane
91,120,31,30.4,67.29,6.75,82.81,Kharif,Hazaribagh,Loamy,1800,Medium,rice
60,135,205,34.92,68.73,7.27,33.15,Rabi,Jamshedpur,Sandy,1600,Medium,barley
106,85,146,16.35,72.06,5.31,263.28,Rabi,Jamshedpur,Sandy,1600,Medium,barley
94,144,194,30.08,74.33,8.36,102.37,Kharif,Dhanbad,Sandy,3500,Low,cotton
47,49,193,27.85,46.4,6.21,175.85,Rabi,Dhanbad,Sandy,2000,Low,wheat
65,6,89,26.66,85.62,4.66,280.02,Kharif,Hazaribagh,Clayey,1700,High,maize
77,130,151,28.75,25.1,7.33,167.11,Kharif,Dhanbad,Loamy,1800,Medium,rice
17,134,45,25.4,57.59,4.87,81.94,Rabi,Dhanbad,Loamy,1900,Low,lentil
84,97,80,20.46,72.69,6.62,299.06,Rabi,Ranchi,Loamy,1500,Low,millet
88,119,66,37.61,62.96,6.98,288.49,Rabi,Bokaro,Sandy,2000,Low,wheat
29,103,70,28.51,39.8,8.15,250.19,Rabi,Bokaro,Sandy,1600,Medium,barley
130,119,129,16.1,82.88,5.27,163.89,Rabi,Ranchi,Loamy,1900,Low,lentil
137,141,6,30.67,34.75,7.02,79.69,Kharif,Jamshedpur,Clayey,1700,High,maize
52,142,184,36.97,71.9,6.24,248.69,Rabi,Ranchi,Sandy,2000,Low,wheat
6,122,188,23.29,26.13,4.72,242.38,Kharif,Hazaribagh,Clayey,1700,High,maize
58,71,109,24.7,64.12,6.23,24.73,Rabi,Ranchi,Sandy,2000,Low,wheat
1,21,198,33.65,23.19,7.89,120.16,Rabi,Hazaribagh,Loamy,1900,Low,lentil
74,82,160,17.16,73.57,6.25,130.63,Rabi,Ranchi,Sandy,2000,Low,wheat
40,141,61,18.41,47.37,7.69,172.8,Kharif,Dhanbad,Sandy,2200,Medium,groundnut
95,7,146,36.87,29.9,4.67,180.36,Zaid,Jamshedpur,Clayey,3000,High,sugarcane
140,26,83,20.25,71.9,7.4,79.29,Rabi,Hazaribagh,Loamy,1900,Low,lentil
41,52,61,30.42,37.69,4.96,207.87,Kharif,Hazaribagh,Clayey,1700,High,maize
140,123,170,28.74,40.35,4.77,47.5,Kharif,Hazaribagh,Loamy,1800,Medium,rice
84,96,37,31.78,36.42,5.64,39.55,Kharif,Dhanbad,Sandy,2200,Medium,groundnut
124,120,89,30.41,41.4,6.84,178.35,Rabi,Bokaro,Loamy,1500,Low,millet
109,48,6,22.83,75.0,7.35,199.43,Rabi,Bokaro,Loamy,1500,Low,millet
34,89,127,26.57,45.11,5.72,174.47,Rabi,Dhanbad,Loamy,1500,Low,millet
20,76,40,37.28,33.75,7.43,195.45,Rabi,Ranchi,Loamy,2100,Low,chickpea
129,12,153,29.47,73.84,5.35,30.26,Kharif,Bokaro,Loamy,1800,Medium,rice
138,125,172,34.38,45.61,5.39,236.2,Rabi,Bokaro,Loamy,1900,Low,lentil
118,133,135,17.26,45.47,4.54,86.89,Kharif,Hazaribagh,Clayey,1700,High,maize
131,40,119,18.98,59.65,6.76,264.21,Kharif,Dhanbad,Clayey,1700,High,maize
91,15,61,34.04,36.22,5.56,85.53,Kharif,Dhanbad,Sandy,2200,Medium,groundnut
92,104,125,37.95,81.71,4.66,201.59,Rabi,Ranchi,Loamy,1900,Low,lentil
70,72,153,28.61,32.17,7.11,122.28,Rabi,Ranchi,Loamy,1900,Low,lentil
64,101,62,27.91,44.7,7.97,156.32,Rabi,Jamshedpur,Loamy,1900,Low,lentil
1,133,40,26.0,36.1,6.56,98.63,Rabi,Dhanbad,Loamy,2100,Low,chickpea
40,97,159,32.93,28.28,5.42,247.13,Kharif,Ranchi,Clayey,1700,High,maize
122,127,58,29.77,65.31,6.14,88.23,Kharif,Dhanbad,Sandy,2200,Medium,groundnut
41,39,166,27.82,82.36,5.09,66.58,Rabi,Dhanbad,Loamy,2100,Low,chickpea
103,9,189,33.2,77.49,8.29,80.65,Rabi,Hazaribagh,Loamy,1900,Low,lentil
123,48,61,35.76,62.06,7.68,249.73,Kharif,Dhanbad,Sandy,2200,Medium,groundnut
130,72,47,33.1,43.99,6.31,185.37,Rabi,Dhanbad,Loamy,2100,Low,chickpea
98,38,32,15.41,56.59,8.14,211.62,Rabi,Dhanbad,Sandy,1600,Medium,barley
24,50,126,37.54,61.99,8.01,168.8,Rabi,Ranchi,Loamy,2100,Low,chickpea
123,38,159,28.48,20.08,8.25,210.0,Rabi,Jamshedpur,Sandy,2000,Low,wheat
107,99,16,32.44,50.03,8.25,154.99,Rabi,Jamshedpur,Loamy,1900,Low,lentil
25,113,39,21.36,73.61,8.14,43.47,Rabi,Hazaribagh,Loamy,1500,Low,millet
104,70,53,15.14,72.06,4.53,166.31,Rabi,Hazaribagh,Loamy,1900,Low,lentil
96,57,181,35.11,48.62,4.93,139.3,Kharif,Hazaribagh,Loamy,1800,Medium,rice
66,142,113,29.12,62.83,8.47,131.29,Zaid,Dhanbad,Clayey,3000,High,sugarcane
123,50,99,28.98,53.86,8.45,181.74,Rabi,Jamshedpur,Sandy,1600,Medium,barley
30,63,119,34.58,86.45,4.9,162.34,Kharif,Bokaro,Clayey,1700,High,maize
13,46,104,39.11,20.37,4.86,60.69,Rabi,Hazaribagh,Loamy,1900,Low,lentil
22,21,72,20.54,25.6,4.65,127.61,Rabi,Jamshedpur,Sandy,1600,Medium,barley
133,78,187,39.09,24.02,7.59,69.08,Rabi,Jamshedpur,Loamy,2100,Low,chickpea
2,56,173,38.27,56.27,5.28,239.51,Kharif,Hazaribagh,Sandy,2200,Medium,groundnut
59,48,177,15.9,36.75,4.5,64.08,Rabi,Bokaro,Loamy,1900,Low,lentil
90,106,108,29.65,56.24,7.45,39.21,Rabi,Ranchi,Sandy,1600,Medium,barley
72,94,93,39.08,39.36,6.93,74.47,Rabi,Jamshedpur,Loamy,1900,Low,lentil
1,71,49,25.18,27.45,4.79,102.39,Rabi,Ranchi,Loamy,2100,Low,chickpea
65,142,152,21.25,50.99,6.01,155.42,Rabi,Dhanbad,Loamy,1900,Low,lentil
117,122,155,36.55,53.74,5.53,127.15,Rabi,Dhanbad,Loamy,1500,Low,millet
80,110,95,27.91,20.68,7.83,89.51,Kharif,Ranchi,Sandy,3500,Low,cotton
87,24,146,38.28,53.36,5.91,270.41,Rabi,Bokaro,Sandy,1600,Medium,barley
48,132,193,19.99,71.48,7.99,77.9,Kharif,Dhanbad,Clayey,1700,High,maize
91,44,204,17.67,84.41,7.2,205.76,Kharif,Hazaribagh,Sandy,3500,Low,cotton
138,15,128,24.28,42.08,8.09,266.68,Kharif,Hazaribagh,Loamy,1800,Medium,rice
125,51,200,37.9,39.62,5.39,181.47,Zaid,Ranchi,Clayey,3000,High,sugarcane
108,127,143,15.81,44.31,7.94,237.25,Rabi,Jamshedpur,Loamy,1900,Low,lentil
132,122,85,32.23,20.83,5.34,182.68,Rabi,Bokaro,Sandy,2000,Low,wheat
66,52,145,21.57,38.86,8.33,116.07,Rabi,Dhanbad,Loamy,1500,Low,millet
108,58,112,32.52,46.06,7.92,98.3,Kharif,Dhanbad,Sandy,2200,Medium,groundnut
33,63,30,33.02,76.29,6.72,259.77,Rabi,Dhanbad,Loamy,2100,Low,chickpea
38,126,7,19.42,54.97,8.48,257.83,Kharif,Hazaribagh,Clayey,1700,High,maize
80,129,81,21.27,80.1,4.69,47.71,Rabi,Dhanbad,Loamy,1900,Low,lentil
55,70,126,35.97,26.74,7.48,92.74,Kharif,Bokaro,Loamy,1800,Medium,rice
65,93,10,25.29,44.58,7.22,189.56,Rabi,Hazaribagh,Loamy,1900,Low,lentil
137,49,204,22.12,42.76,6.54,236.93,Rabi,Jamshedpur,Loamy,2100,Low,chickpea
97,78,123,30.79,30.14,5.17,246.16,Rabi,Bokaro,Sandy,2000,Low,wheat
103,23,25,19.05,35.98,5.77,101.58,Rabi,Bokaro,Sandy,1600,Medium,barley
101,74,118,34.52,85.71,7.49,165.86,Rabi,Jamshedpur,Loamy,2100,Low,chickpea
42,52,10,18.13,36.42,5.51,228.29,Rabi,Ranchi,Sandy,1600,Medium,barley
42,106,31,17.39,85.58,6.39,35.07,Kharif,Jamshedpur,Sandy,3500,Low,cotton
21,31,72,30.45,25.9,8.23,129.16,Rabi,Dhanbad,Loamy,1900,Low,lentil
72,118,165,18.16,56.87,5.18,29.84,Kharif,Bokaro,Sandy,3500,Low,cotton
121,124,143,38.37,58.4,5.04,285.58,Rabi,Hazaribagh,Loamy,1500,Low,millet
116,116,139,30.99,57.36,8.14,154.86,Kharif,Dhanbad,Clayey,1700,High,maize
113,83,98,25.31,30.9,4.54,166.53,Rabi,Dhanbad,Sandy,2000,Low,wheat
73,125,141,15.21,84.55,8.29,153.58,Rabi,Ranchi,Loamy,1500,Low,millet
74,64,6,28.71,33.2,8.03,142.39,Rabi,Dhanbad,Sandy,1600,Medium,barley
99,101,61,21.57,49.56,5.46,234.07,Kharif,Hazaribagh,Clayey,1700,High,maize
72,141,73,25.32,79.74,5.23,101.09,Zaid,Jamshedpur,Clayey,3000,High,sugarcane
115,74,184,30.57,33.15,4.58,33.9,Rabi,Hazaribagh,Loamy,2100,Low,chickpea
47,31,77,21.73,70.06,7.41,85.19,Kharif,Dhanbad,Loamy,1800,Medium,rice
126,60,92,25.51,75.0,6.49,123.99,Kharif,Ranchi,Loamy,1800,Medium,rice
20,42,19,21.66,47.47,6.67,70.85,Rabi,Bokaro,Loamy,1500,Low,millet
3,36,201,32.87,46.94,8.4,89.21,Rabi,Ranchi,Sandy,1600,Medium,barley
117,29,138,31.65,34.59,6.06,289.14,Kharif,Bokaro,Sandy,3500,Low,cotton
10,145,138,18.05,53.69,5.7,120.92,Kharif,Ranchi,Clayey,1700,High,maize
28,65,167,25.85,21.05,7.68,183.72,Kharif,Jamshedpur,Sandy,3500,Low,cotton
2,15,153,34.59,53.27,6.88,123.99,Kharif,Ranchi,Sandy,3500,Low,cotton
40,132,28,32.15,43.69,8.38,232.68,Kharif,Ranchi,Sandy,3500,Low,cotton
91,44,184,28.41,27.52,6.45,108.69,Kharif,Hazaribagh,Loamy,1800,Medium,rice
112,54,10,32.23,45.07,5.04,271.63,Rabi,Jamshedpur,Loamy,1500,Low,millet
75,143,183,27.25,59.67,6.67,110.63,Kharif,Jamshedpur,Sandy,2200,Medium,groundnut
41,22,140,18.88,40.7,5.55,122.79,Zaid,Ranchi,Clayey,3000,High,sugarcane
97,52,9,30.49,45.49,6.98,109.79,Rabi,Ranchi,Loamy,1900,Low,lentil
99,53,139,32.08,73.6,5.12,99.28,Rabi,Jamshedpur,Loamy,1900,Low,lentil
28,29,138,31.47,23.06,8.25,70.02,Rabi,Ranchi,Loamy,1500,Low,millet
27,129,54,17.47,59.97,7.85,204.22,Kharif,Hazaribagh,Sandy,3500,Low,cotton
65,17,98,20.52,70.25,4.55,277.89,Rabi,Jamshedpur,Loamy,2100,Low,chickpea
119,20,97,28.95,85.68,6.16,123.34,Rabi,Ranchi,Sandy,2000,Low,wheat
68,140,15,33.36,78.41,4.81,80.45,Rabi,Hazaribagh,Loamy,2100,Low,chickpea
25,64,141,24.63,33.52,7.13,179.61,Rabi,Dhanbad,Sandy,2000,Low,wheat
106,32,201,30.97,45.06,6.33,206.27,Rabi,Ranchi,Loamy,1900,Low,lentil
46,145,107,27.62,66.03,6.64,187.98,Kharif,Bokaro,Clayey,1700,High,maize
140,88,100,25.31,64.33,7.8,110.57,Rabi,Dhanbad,Loamy,1500,Low,millet
139,59,101,34.14,84.83,5.52,289.26,Rabi,Jamshedpur,Loamy,2100,Low,chickpea
0,13,77,29.89,56.23,8.47,104.52,Rabi,Bokaro,Sandy,1600,Medium,barley
54,85,10,34.29,86.03,7.79,277.35,Kharif,Hazaribagh,Sandy,3500,Low,cotton
39,29,14,26.51,30.93,5.56,269.1,Rabi,Dhanbad,Loamy,1900,Low,lentil
65,81,28,29.26,59.83,5.37,41.62,Kharif,Bokaro,Sandy,3500,Low,cotton
44,129,181,32.57,77.37,4.88,199.83,Kharif,Ranchi,Sandy,2200,Medium,groundnut
97,25,204,16.4,73.96,5.89,248.8,Rabi,Jamshedpur,Loamy,2100,Low,chickpea
58,7,167,34.44,46.77,5.72,31.53,Rabi,Hazaribagh,Sandy,2000,Low,wheat
38,88,133,32.44,30.72,7.19,299.26,Rabi,Jamshedpur,Loamy,2100,Low,chickpea
129,28,61,25.8,75.05,5.09,114.13,Rabi,Jamshedpur,Loamy,2100,Low,chickpea
12,145,107,21.56,47.9,6.24,215.4,Rabi,Dhanbad,Loamy,2100,Low,chickpea
50,129,106,31.31,33.73,6.96,225.99,Kharif,Dhanbad,Sandy,2200,Medium,groundnut
18,73,203,25.75,67.93,6.8,51.51,Kharif,Jamshedpur,Sandy,3500,Low,cotton
93,94,53,23.02,61.57,4.6,105.35,Rabi,Bokaro,Sandy,1600,Medium,barley
113,42,117,16.12,77.27,5.3,124.67,Rabi,Ranchi,Loamy,2100,Low,chickpea
13,67,163,38.17,80.81,7.78,23.85,Rabi,Ranchi,Sandy,2000,Low,wheat
115,125,10,23.3,71.8,5.35,173.0,Zaid,Bokaro,Clayey,3000,High,sugarcane
123,41,182,32.47,21.29,6.83,205.79,Rabi,Ranchi,Loamy,1900,Low,lentil
43,20,77,20.02,68.76,5.59,150.19,Zaid,Ranchi,Clayey,3000,High,sugarcane
99,74,174,36.3,66.21,7.96,25.34,Rabi,Jamshedpur,Sandy,2000,Low,wheat
97,135,186,17.49,42.08,7.97,168.84,Kharif,Dhanbad,Sandy,3500,Low,cotton
128,122,148,38.16,21.5,5.49,168.24,Kharif,Bokaro,Sandy,3500,Low,cotton
100,45,9,23.67,44.63,7.0,86.14,Kharif,Hazaribagh,Sandy,2200,Medium,groundnut
15,70,104,37.26,77.04,4.62,175.38,Zaid,Bokaro,Clayey,3000,High,sugarcane
38,92,105,31.42,26.15,6.03,288.97,Kharif,Hazaribagh,Sandy,3500,Low,cotton
106,66,151,18.82,87.94,8.14,112.2,Kharif,Hazaribagh,Sandy,3500,Low,cotton
52,40,153,28.53,76.01,7.95,106.52,Kharif,Hazaribagh,Clayey,1700,High,maize
110,42,172,38.33,84.2,5.77,176.06,Kharif,Ranchi,Clayey,1700,High,maize
81,42,191,15.74,42.31,8.39,289.13,Kharif,Bokaro,Clayey,1700,High,maize
70,43,204,19.7,29.21,4.6,296.07,Kharif,Hazaribagh,Sandy,2200,Medium,groundnut
59,64,64,32.18,45.15,7.25,153.45,Zaid,Hazaribagh,Clayey,3000,High,sugarcane
120,100,52,36.3,54.4,5.05,74.11,Rabi,Ranchi,Loamy,2100,Low,chickpea
3,74,110,20.56,66.99,5.31,77.28,Rabi,Dhanbad,Sandy,1600,Medium,barley
125,88,122,37.19,49.93,7.6,190.22,Kharif,Jamshedpur,Sandy,2200,Medium,groundnut
100,142,139,31.03,69.29,4.65,50.61,Rabi,Jamshedpur,Loamy,1500,Low,millet
62,137,142,24.89,71.46,6.73,164.52,Kharif,Ranchi,Loamy,1800,Medium,rice
74,117,106,37.11,74.16,5.64,66.62,Kharif,Bokaro,Sandy,3500,Low,cotton
13,137,41,26.59,65.23,4.86,160.18,Rabi,Dhanbad,Loamy,2100,Low,chickpea
139,39,105,25.34,51.56,5.22,185.29,Rabi,Dhanbad,Loamy,2100,Low,chickpea
23,69,87,32.29,83.5,7.69,221.14,Kharif,Ranchi,Sandy,2200,Medium,groundnut
29,120,167,24.07,56.67,6.04,241.5,Rabi,Hazaribagh,Sandy,2000,Low,wheat
40,101,145,24.52,73.78,8.15,178.34,Rabi,Dhanbad,Loamy,2100,Low,chickpea
37,50,201,32.8,49.37,5.74,235.22,Kharif,Jamshedpur,Clayey,1700,High,maize
46,35,38,39.01,20.25,7.56,23.42,Zaid,Jamshedpur,Clayey,3000,High,sugarcane
139,6,160,37.07,36.65,6.86,153.2,Kharif,Jamshedpur,Sandy,2200,Medium,groundnut
20,6,67,37.05,39.47,7.01,249.63,Kharif,Dhanbad,Sandy,2200,Medium,groundnut
47,42,19,31.33,22.57,7.92,206.76,Kharif,Hazaribagh,Loamy,1800,Medium,rice
84,27,17,17.72,89.56,5.15,99.63,Zaid,Hazaribagh,Clayey,3000,High,sugarcane
45,121,196,29.47,85.2,4.87,103.8,Rabi,Bokaro,Loamy,2100,Low,chickpea
17,114,145,16.62,52.96,4.99,260.63,Rabi,Bokaro,Sandy,1600,Medium,barley
105,139,58,32.4,62.84,4.94,224.32,Rabi,Hazaribagh,Loamy,1900,Low,lentil
123,78,114,30.22,42.15,6.6,298.61,Rabi,Bokaro,Sandy,2000,Low,wheat
127,138,191,30.8,54.48,5.22,190.63,Kharif,Bokaro,Clayey,1700,High,maize
0,35,11,26.62,75.77,7.45,78.05,Kharif,Hazaribagh,Sandy,3500,Low,cotton
105,16,90,23.74,76.42,5.35,199.37,Rabi,Bokaro,Sandy,1600,Medium,barley
17,83,81,27.67,42.67,4.52,212.03,Zaid,Bokaro,Clayey,3000,High,sugarcane
7,49,54,23.26,43.66,7.19,276.53,Rabi,Ranchi,Sandy,1600,Medium,barley
123,44,165,26.52,80.57,8.08,149.49,Kharif,Jamshedpur,Clayey,1700,High,maize
133,81,149,33.12,42.09,6.64,78.31,Kharif,Bokaro,Loamy,1800,Medium,rice
16,43,76,36.02,43.74,6.0,169.6,Rabi,Dhanbad,Loamy,1500,Low,millet
99,52,157,17.92,74.76,5.73,260.19,Rabi,Ranchi,Loamy,2100,Low,chickpea
105,27,132,36.93,46.01,7.82,104.74,Zaid,Hazaribagh,Clayey,3000,High,sugarcane
44,33,100,34.62,74.45,8.15,144.26,Zaid,Ranchi,Clayey,3000,High,sugarcane
128,44,53,23.5,53.84,8.0,106.9,Kharif,Bokaro,Sandy,2200,Medium,groundnut
25,137,178,39.82,34.36,4.65,128.52,Kharif,Hazaribagh,Clayey,1700,High,maize
1,84,16,32.18,61.6,4.85,150.73,Rabi,Ranchi,Sandy,2000,Low,wheat
133,84,10,29.44,41.85,8.07,109.85,Rabi,Dhanbad,Sandy,2000,Low,wheat
70,141,86,34.32,66.98,5.59,64.1,Zaid,Ranchi,Clayey,3000,High,sugarcane
131,31,57,28.56,58.46,5.58,284.12,Kharif,Bokaro,Loamy,1800,Medium,rice
62,48,23,22.78,82.46,6.66,34.2,Rabi,Ranchi,Loamy,2100,Low,chickpea
12,32,103,16.34,49.85,5.22,186.91,Kharif,Hazaribagh,Sandy,2200,Medium,groundnut
91,84,90,35.44,69.9,7.18,169.38,Kharif,Jamshedpur,Sandy,2200,Medium,groundnut
33,28,183,26.71,51.89,7.24,218.86,Rabi,Jamshedpur,Loamy,2100,Low,chickpea
59,62,41,36.53,63.19,8.15,129.78,Kharif,Bokaro,Sandy,2200,Medium,groundnut
116,129,12,16.63,27.9,6.41,256.81,Rabi,Bokaro,Loamy,1500,Low,millet
32,135,31,25.14,70.0,4.93,175.72,Rabi,Ranchi,Loamy,1500,Low,millet
136,123,107,29.76,36.7,5.47,64.53,Zaid,Jamshedpur,Clayey,3000,High,sugarcane
16,92,58,35.35,61.37,7.64,141.9,Rabi,Bokaro,Sandy,1600,Medium,barley
60,49,174,31.74,71.76,7.35,254.29,Rabi,Ranchi,Loamy,1900,Low,lentil
118,88,147,17.44,51.17,5.73,133.62,Rabi,Hazaribagh,Loamy,2100,Low,chickpea
97,88,131,31.12,24.3,5.37,58.9,Rabi,Hazaribagh,Sandy,2000,Low,wheat
37,43,120,28.28,47.3,6.81,74.79,Kharif,Bokaro,Loamy,1800,Medium,rice
77,116,188,39.56,44.1,4.86,22.27,Zaid,Hazaribagh,Clayey,3000,High,sugarcane
32,80,20,24.23,58.42,4.71,216.94,Rabi,Bokaro,Sandy,1600,Medium,barley
72,12,65,25.79,61.31,7.0,219.3,Rabi,Jamshedpur,Sandy,2000,Low,wheat
111,144,59,31.56,53.24,5.25,127.69,Rabi,Bokaro,Sandy,1600,Medium,barley
39,78,176,18.14,20.81,7.09,60.32,Rabi,Jamshedpur,Sandy,1600,Medium,barley
34,26,40,31.06,49.11,6.32,240.9,Rabi,Hazaribagh,Sandy,1600,Medium,barley
46,121,135,25.6,77.4,6.04,83.21,Rabi,Jamshedpur,Sandy,1600,Medium,barley
1,132,192,20.92,55.12,6.14,172.93,Rabi,Bokaro,Loamy,2100,Low,chickpea
9,128,185,24.21,60.62,8.35,42.42,Kharif,Hazaribagh,Loamy,1800,Medium,rice
119,137,25,28.08,62.7,5.48,196.59,Zaid,Ranchi,Clayey,3000,High,sugarcane
79,18,92,28.38,20.75,6.32,273.7,Rabi,Hazaribagh,Loamy,1900,Low,lentil
107,95,80,22.23,22.47,8.19,229.84,Rabi,Hazaribagh,Loamy,1500,Low,millet
15,126,153,19.23,23.61,8.46,246.49,Zaid,Hazaribagh,Clayey,3000,High,sugarcane
73,129,26,18.17,25.38,7.64,90.57,Kharif,Hazaribagh,Loamy,1800,Medium,rice
70,70,8,33.54,62.27,8.14,226.91,Zaid,Jamshedpur,Clayey,3000,High,sugarcane
44,71,205,32.52,53.94,7.7,261.36,Rabi,Bokaro,Loamy,1500,Low,millet
37,44,131,33.82,48.91,6.03,204.99,Rabi,Dhanbad,Sandy,2000,Low,wheat
88,18,169,21.61,77.37,4.71,149.92,Kharif,Jamshedpur,Sandy,3500,Low,cotton
121,141,64,24.5,69.39,6.4,60.64,Zaid,Jamshedpur,Clayey,3000,High,sugarcane
73,119,102,31.96,87.32,7.23,31.48,Kharif,Hazaribagh,Loamy,1800,Medium,rice
110,74,90,21.76,76.16,5.52,183.57,Rabi,Jamshedpur,Loamy,1500,Low,millet
49,138,91,31.94,89.53,5.75,22.96,Kharif,Ranchi,Sandy,3500,Low,cotton
3,110,30,28.13,67.98,5.91,223.07,Rabi,Bokaro,Sandy,2000,Low,wheat
8,11,163,17.3,85.7,7.13,253.93,Kharif,Hazaribagh,Sandy,3500,Low,cotton
30,27,159,18.25,65.95,8.1,178.5,Rabi,Dhanbad,Sandy,2000,Low,wheat
47,69,80,26.67,85.53,7.06,278.35,Rabi,Bokaro,Sandy,2000,Low,wheat
82,70,46,34.52,39.41,4.75,128.81,Rabi,Ranchi,Sandy,1600,Medium,barley
67,50,117,16.73,88.56,5.3,129.94,Zaid,Jamshedpur,Clayey,3000,High,sugarcane
36,143,201,25.78,62.98,4.92,143.64,Rabi,Bokaro,Sandy,2000,Low,wheat
8,23,23,29.28,37.54,6.28,271.02,Rabi,Dhanbad,Sandy,2000,Low,wheat
9,104,73,18.79,43.09,6.07,21.04,Kharif,Jamshedpur,Loamy,1800,Medium,rice
111,108,191,34.52,74.98,6.66,20.93,Kharif,Jamshedpur,Sandy,2200,Medium,groundnut
137,96,90,32.05,48.04,7.03,288.47,Rabi,Ranchi,Sandy,2000,Low,wheat
136,92,25,36.03,73.23,5.66,76.87,Rabi,Hazaribagh,Loamy,1500,Low,millet
98,53,81,32.4,82.75,7.02,120.59,Kharif,Ranchi,Loamy,1800,Medium,rice
48,40,14,19.83,70.38,6.87,156.99,Kharif,Ranchi,Sandy,2200,Medium,groundnut
78,132,141,39.12,76.82,8.37,24.6,Rabi,Bokaro,Loamy,1900,Low,lentil
86,15,108,17.95,76.5,7.17,148.34,Kharif,Hazaribagh,Loamy,1800,Medium,rice
59,23,14,33.39,54.22,4.58,274.01,Kharif,Hazaribagh,Clayey,1700,High,maize
62,38,8,19.31,23.5,5.73,242.24,Kharif,Jamshedpur,Loamy,1800,Medium,rice
43,21,32,17.85,61.65,6.96,37.67,Rabi,Dhanbad,Loamy,2100,Low,chickpea
86,107,88,18.02,67.89,6.68,110.05,Rabi,Dhanbad,Sandy,1600,Medium,barley
44,90,21,18.02,29.89,6.16,214.96,Kharif,Hazaribagh,Loamy,1800,Medium,rice
112,67,153,16.02,27.0,7.89,191.48,Kharif,Dhanbad,Clayey,1700,High,maize
124,25,6,15.18,84.83,7.33,186.24,Kharif,Bokaro,Loamy,1800,Medium,rice
121,37,57,18.58,38.97,6.3,86.99,Rabi,Dhanbad,Sandy,1600,Medium,barley
9,51,188,27.5,86.52,7.01,239.12,Rabi,Bokaro,Loamy,2100,Low,chickpea
1,65,54,17.94,57.11,4.88,121.33,Rabi,Hazaribagh,Sandy,1600,Medium,barley
56,123,202,30.66,34.57,4.71,51.55,Rabi,Dhanbad,Loamy,1900,Low,lentil
127,50,45,31.75,23.02,7.08,99.82,Kharif,Jamshedpur,Sandy,2200,Medium,groundnut
85,121,16,17.61,23.67,6.65,64.25,Zaid,Ranchi,Clayey,3000,High,sugarcane
131,34,23,37.38,70.5,6.87,111.27,Kharif,Dhanbad,Sandy,2200,Medium,groundnut
58,33,88,20.69,36.6,6.15,75.99,Rabi,Dhanbad,Loamy,1500,Low,millet
120,129,18,37.26,30.15,8.21,147.4,Rabi,Jamshedpur,Sandy,2000,Low,wheat
34,122,189,19.85,45.1,5.58,114.05,Rabi,Ranchi,Loamy,1500,Low,millet
15,76,39,17.78,52.59,6.17,232.9,Rabi,Dhanbad,Loamy,2100,Low,chickpea
40,48,152,39.25,79.85,4.85,259.95,Zaid,Jamshedpur,Clayey,3000,High,sugarcane
121,123,76,15.36,49.97,7.99,89.39,Kharif,Jamshedpur,Sandy,3500,Low,cotton
56,43,151,37.46,49.24,4.68,297.56,Rabi,Hazaribagh,Loamy,2100,Low,chickpea
108,140,105,26.98,75.86,7.79,146.68,Kharif,Dhanbad,Loamy,1800,Medium,rice
3,109,60,18.32,40.71,7.09,45.4,Rabi,Jamshedpur,Sandy,2000,Low,wheat
41,122,151,33.68,21.71,6.32,236.11,Zaid,Jamshedpur,Clayey,3000,High,sugarcane
94,123,185,30.84,80.23,4.78,270.16,Kharif,Bokaro,Clayey,1700,High,maize
8,80,114,33.82,68.86,6.95,181.06,Rabi,Dhanbad,Loamy,1900,Low,lentil
85,19,136,38.63,67.23,8.05,51.07,Rabi,Bokaro,Sandy,2000,Low,wheat
10,98,98,19.38,59.12,4.77,218.61,Kharif,Dhanbad,Sandy,2200,Medium,groundnut
85,66,143,17.84,53.49,8.26,182.43,Kharif,Dhanbad,Clayey,1700,High,maize
82,95,73,27.59,49.61,4.72,124.39,Kharif,Jamshedpur,Sandy,3500,Low,cotton
128,139,36,26.75,57.23,7.8,271.85,Kharif,Jamshedpur,Sandy,2200,Medium,groundnut
94,21,53,37.3,52.05,4.82,271.42,Rabi,Bokaro,Loamy,2100,Low,chickpea
27,47,75,17.8,30.36,5.1,77.19,Rabi,Ranchi,Sandy,2000,Low,wheat
106,143,38,26.85,49.41,7.45,26.02,Zaid,Dhanbad,Clayey,3000,High,sugarcane
5,64,138,31.12,48.82,5.87,200.89,Rabi,Bokaro,Sandy,2000,Low,wheat
135,145,118,26.45,59.71,8.09,105.82,Kharif,Bokaro,Sandy,2200,Medium,groundnut
123,100,78,34.24,23.31,5.91,147.66,Kharif,Dhanbad,Sandy,3500,Low,cotton
41,142,78,19.56,32.28,7.33,273.32,Rabi,Dhanbad,Loamy,2100,Low,chickpea
60,34,15,39.84,60.22,6.26,123.51,Kharif,Dhanbad,Clayey,1700,High,maize
8,86,93,18.7,51.39,8.4,169.42,Rabi,Ranchi,Loamy,1900,Low,lentil
103,132,201,18.63,52.06,5.78,21.2,Kharif,Hazaribagh,Loamy,1800,Medium,rice
84,80,126,37.4,87.87,7.52,298.34,Rabi,Dhanbad,Loamy,1900,Low,lentil
113,91,181,17.81,53.53,4.66,209.84,Rabi,Ranchi,Loamy,2100,Low,chickpea
6,107,163,36.02,51.22,4.87,35.41,Zaid,Dhanbad,Clayey,3000,High,sugarcane
134,61,205,38.39,39.45,4.59,170.76,Rabi,Jamshedpur,Loamy,2100,Low,chickpea
131,105,54,27.26,62.22,6.55,35.69,Rabi,Bokaro,Sandy,2000,Low,wheat
37,114,99,24.65,20.85,5.88,106.26,Rabi,Jamshedpur,Sandy,1600,Medium,barley
22,60,191,37.2,71.91,6.16,143.9,Rabi,Dhanbad,Loamy,1900,Low,lentil
106,40,155,29.95,30.05,5.71,296.75,Rabi,Hazaribagh,Sandy,1600,Medium,barley
16,101,27,15.17,64.72,5.59,68.97,Rabi,Jamshedpur,Loamy,1500,Low,millet
35,56,52,35.81,40.26,6.46,250.38,Rabi,Bokaro,Loamy,2100,Low,chickpea
77,131,148,33.5,35.72,7.66,63.13,Rabi,Bokaro,Loamy,2100,Low,chickpea
31,78,111,19.48,83.48,7.08,27.96,Kharif,Bokaro,Sandy,2200,Medium,groundnut
17,97,153,27.01,50.52,5.53,212.06,Kharif,Ranchi,Sandy,2200,Medium,groundnut
131,9,71,19.07,24.1,5.78,265.93,Rabi,Dhanbad,Loamy,1500,Low,millet
41,18,74,24.03,64.54,8.32,33.64,Rabi,Bokaro,Loamy,1500,Low,millet
19,136,54,34.16,32.83,4.88,230.74,Rabi,Hazaribagh,Loamy,1900,Low,lentil
80,82,74,32.14,68.18,4.88,182.41,Rabi,Dhanbad,Loamy,1500,Low,millet
35,137,77,24.33,53.94,5.86,275.02,Kharif,Ranchi,Loamy,1800,Medium,rice
39,133,61,35.79,75.66,6.73,213.1,Kharif,Hazaribagh,Sandy,3500,Low,cotton
29,111,122,37.9,28.16,5.02,24.87,Rabi,Bokaro,Loamy,1900,Low,lentil
92,40,118,37.24,61.84,7.55,115.77,Zaid,Bokaro,Clayey,3000,High,sugarcane
30,61,37,36.42,29.97,5.41,55.1,Kharif,Dhanbad,Loamy,1800,Medium,rice
108,33,24,15.47,53.9,6.22,74.98,Rabi,Ranchi,Sandy,2000,Low,wheat
15,125,35,37.71,23.03,5.71,22.88,Rabi,Ranchi,Loamy,1900,Low,lentil
52,56,52,31.77,22.05,5.08,228.94,Rabi,Bokaro,Sandy,2000,Low,wheat
89,95,46,36.38,74.66,6.95,161.37,Rabi,Ranchi,Loamy,2100,Low,chickpea
3,140,60,32.9,87.5,5.19,231.13,Rabi,Ranchi,Sandy,2000,Low,wheat
54,134,186,26.87,68.87,5.24,208.59,Rabi,Ranchi,Sandy,2000,Low,wheat
90,102,113,20.36,35.93,4.95,295.69,Kharif,Ranchi,Clayey,1700,High,maize
28,138,39,27.4,45.29,5.65,222.2,Kharif,Ranchi,Sandy,2200,Medium,groundnut
126,34,103,22.09,62.03,5.75,293.33,Rabi,Jamshedpur,Loamy,1500,Low,millet
104,79,114,19.72,24.87,7.86,153.19,Kharif,Bokaro,Sandy,3500,Low,cotton
3,130,177,17.63,50.66,7.13,43.8,Kharif,Dhanbad,Clayey,1700,High,maize
102,31,194,38.13,88.45,4.76,293.06,Rabi,Bokaro,Sandy,1600,Medium,barley
103,36,64,35.95,70.76,5.61,219.78,Kharif,Hazaribagh,Sandy,3500,Low,cotton
69,107,96,26.9,62.22,6.12,155.67,Rabi,Bokaro,Loamy,2100,Low,chickpea
116,32,36,21.27,54.81,7.01,57.69,Kharif,Ranchi,Clayey,1700,High,maize
17,132,178,15.67,32.54,6.92,111.55,Kharif,Bokaro,Loamy,1800,Medium,rice
24,24,174,33.79,73.73,7.67,76.54,Rabi,Jamshedpur,Loamy,2100,Low,chickpea
129,71,143,23.59,80.18,6.69,286.72,Kharif,Ranchi,Sandy,2200,Medium,groundnut
30,103,120,22.86,46.34,6.34,29.2,Rabi,Hazaribagh,Sandy,1600,Medium,barley
42,130,115,18.36,70.1,6.45,50.63,Zaid,Jamshedpur,Clayey,3000,High,sugarcane
138,125,126,29.06,30.94,4.72,93.75,Rabi,Hazaribagh,Loamy,1900,Low,lentil
90,77,87,16.54,61.33,5.01,122.59,Rabi,Hazaribagh,Sandy,1600,Medium,barley
87,102,29,25.7,89.44,6.15,35.81,Kharif,Dhanbad,Loamy,1800,Medium,rice
60,84,156,17.12,68.16,7.98,52.05,Kharif,Dhanbad,Sandy,3500,Low,cotton
137,88,14,26.52,80.44,6.77,272.39,Kharif,Bokaro,Loamy,1800,Medium,rice
120,10,86,24.44,47.32,6.79,246.33,Kharif,Ranchi,Loamy,1800,Medium,rice
86,132,133,35.29,66.72,5.17,103.87,Kharif,Jamshedpur,Sandy,3500,Low,cotton
127,24,142,20.35,38.56,5.69,180.59,Kharif,Dhanbad,Sandy,3500,Low,cotton
23,29,156,23.42,24.71,7.7,153.08,Rabi,Dhanbad,Loamy,2100,Low,chickpea
19,82,134,35.1,50.3,6.66,76.02,Rabi,Jamshedpur,Loamy,1500,Low,millet
131,121,176,34.09,32.64,4.57,216.93,Zaid,Dhanbad,Clayey,3000,High,sugarcane
127,59,174,39.05,71.95,6.37,282.41,Rabi,Hazaribagh,Loamy,2100,Low,chickpea
111,20,138,20.02,52.37,5.46,229.0,Rabi,Bokaro,Loamy,2100,Low,chickpea
105,86,21,30.85,79.22,5.57,100.37,Rabi,Dhanbad,Sandy,1600,Medium,barley
60,108,66,17.84,33.43,5.48,251.62,Zaid,Jamshedpur,Clayey,3000,High,sugarcane
111,113,170,37.64,34.14,5.59,28.16,Kharif,Bokaro,Sandy,2200,Medium,groundnut
45,15,189,27.15,21.39,7.94,43.5,Rabi,Hazaribagh,Loamy,1900,Low,lentil
16,109,98,31.79,82.0,6.09,255.15,Zaid,Dhanbad,Clayey,3000,High,sugarcane
28,133,35,28.05,78.03,8.3,280.84,Kharif,Bokaro,Sandy,3500,Low,cotton
23,65,158,18.06,76.47,5.82,183.61,Kharif,Jamshedpur,Sandy,2200,Medium,groundnut
108,60,41,17.67,34.99,5.6,134.35,Kharif,Hazaribagh,Sandy,3500,Low,cotton
125,141,100,32.49,27.91,6.68,152.96,Kharif,Dhanbad,Loamy,1800,Medium,rice
37,97,126,32.89,77.5,4.58,290.71,Zaid,Hazaribagh,Clayey,3000,High,sugarcane
13,66,69,28.82,41.65,8.33,121.6,Kharif,Ranchi,Loamy,1800,Medium,rice
60,118,104,15.2,87.25,8.21,277.02,Rabi,Bokaro,Loamy,1900,Low,lentil
60,81,58,36.49,31.22,6.26,108.81,Rabi,Jamshedpur,Sandy,2000,Low,wheat
70,25,204,38.51,52.98,6.15,255.53,Kharif,Jamshedpur,Loamy,1800,Medium,rice
41,71,134,16.66,49.46,7.42,173.36,Rabi,Bokaro,Sandy,2000,Low,wheat
7,18,169,31.04,64.11,7.66,58.11,Kharif,Jamshedpur,Sandy,2200,Medium,groundnut
78,85,152,17.06,31.05,6.57,291.51,Kharif,Dhanbad,Sandy,3500,Low,cotton
105,86,120,26.96,71.46,5.54,212.49,Rabi,Bokaro,Loamy,2100,Low,chickpea
50,26,111,24.19,47.54,6.01,253.71,Zaid,Hazaribagh,Clayey,3000,High,sugarcane
5,10,147,31.18,63.86,8.13,292.76,Kharif,Dhanbad,Sandy,3500,Low,cotton
43,17,107,30.45,62.03,5.1,288.25,Zaid,Dhanbad,Clayey,3000,High,sugarcane
30,8,188,28.15,74.14,8.21,251.63,Rabi,Jamshedpur,Loamy,2100,Low,chickpea
57,57,53,38.65,76.94,5.56,229.0,Rabi,Jamshedpur,Sandy,2000,Low,wheat
110,57,158,20.39,77.69,7.41,73.02,Kharif,Dhanbad,Clayey,1700,High,maize
37,12,79,39.4,36.48,6.3,89.53,Rabi,Hazaribagh,Sandy,1600,Medium,barley
21,7,125,18.33,42.63,7.27,212.32,Kharif,Jamshedpur,Sandy,2200,Medium,groundnut
65,23,29,28.92,23.65,8.22,151.86,Rabi,Bokaro,Sandy,1600,Medium,barley
11,6,69,27.61,46.67,8.41,207.95,Rabi,Dhanbad,Loamy,2100,Low,chickpea
10,50,71,19.25,54.5,5.86,151.06,Rabi,Ranchi,Loamy,1900,Low,lentil
135,115,41,21.51,41.93,8.41,159.78,Rabi,Bokaro,Loamy,1500,Low,millet
110,77,72,30.32,73.31,5.56,107.64,Rabi,Dhanbad,Loamy,1500,Low,millet
125,43,147,36.33,66.02,7.69,34.9,Rabi,Dhanbad,Loamy,1500,Low,millet
58,51,14,26.76,31.45,6.37,52.49,Kharif,Jamshedpur,Loamy,1800,Medium,rice
113,96,186,29.02,52.04,4.95,221.53,Kharif,Dhanbad,Loamy,1800,Medium,rice
89,28,57,36.7,32.65,5.17,162.45,Rabi,Bokaro,Sandy,2000,Low,wheat
54,6,139,34.17,32.64,8.18,88.92,Rabi,Jamshedpur,Loamy,2100,Low,chickpea
84,11,77,32.03,67.64,6.08,185.29,Rabi,Ranchi,Sandy,2000,Low,wheat
39,12,25,26.51,69.54,6.42,195.94,Rabi,Bokaro,Loamy,1500,Low,millet
1,89,16,31.4,86.56,5.8,224.83,Rabi,Hazaribagh,Loamy,2100,Low,chickpea
54,17,169,22.07,75.87,7.48,173.2,Kharif,Hazaribagh,Clayey,1700,High,maize
23,107,70,19.45,87.55,7.96,44.97,Rabi,Dhanbad,Sandy,1600,Medium,barley
99,108,77,31.18,86.81,5.12,103.59,Kharif,Jamshedpur,Clayey,1700,High,maize
33,96,175,17.4,45.72,5.3,144.72,Zaid,Jamshedpur,Clayey,3000,High,sugarcane
68,113,28,33.91,76.77,6.96,141.55,Kharif,Jamshedpur,Sandy,2200,Medium,groundnut
10,136,92,39.33,67.35,7.09,219.82,Rabi,Jamshedpur,Sandy,2000,Low,wheat
134,26,79,26.71,25.54,7.71,104.11,Rabi,Dhanbad,Loamy,1900,Low,lentil
63,138,114,22.39,23.34,4.81,32.63,Zaid,Ranchi,Clayey,3000,High,sugarcane
108,110,29,26.62,70.42,7.75,119.53,Rabi,Hazaribagh,Loamy,1900,Low,lentil
128,9,34,33.51,52.4,7.64,256.01,Rabi,Ranchi,Sandy,2000,Low,wheat
106,81,85,29.68,51.85,7.18,194.67,Rabi,Bokaro,Sandy,2000,Low,wheat
47,59,52,16.96,88.75,5.54,208.55,Rabi,Jamshedpur,Loamy,1500,Low,millet
4,6,106,17.92,32.02,6.41,213.71,Rabi,Hazaribagh,Loamy,1900,Low,lentil
77,97,181,31.85,68.32,6.08,104.74,Kharif,Dhanbad,Sandy,2200,Medium,groundnut
3,53,33,35.4,68.72,5.25,27.51,Kharif,Jamshedpur,Clayey,1700,High,maize
61,116,165,36.45,57.7,4.84,235.52,Kharif,Dhanbad,Clayey,1700,High,maize
108,10,34,19.15,30.67,7.31,289.88,Kharif,Jamshedpur,Sandy,2200,Medium,groundnut
115,67,56,22.37,78.06,6.07,113.48,Kharif,Ranchi,Loamy,1800,Medium,rice
106,131,193,29.47,71.18,8.5,30.36,Rabi,Jamshedpur,Sandy,1600,Medium,barley
131,129,64,32.86,56.98,6.19,108.44,Kharif,Ranchi,Sandy,2200,Medium,groundnut
106,126,34,27.37,85.73,5.89,215.3,Zaid,Ranchi,Clayey,3000,High,sugarcane
73,54,125,23.6,36.25,5.38,274.54,Kharif,Bokaro,Clayey,1700,High,maize
119,38,80,33.07,47.33,6.17,283.54,Rabi,Bokaro,Loamy,2100,Low,chickpea
41,58,77,32.27,26.03,6.43,68.52,Kharif,Dhanbad,Sandy,2200,Medium,groundnut
125,30,111,38.58,54.56,5.44,175.91,Rabi,Ranchi,Loamy,2100,Low,chickpea
66,96,178,18.97,77.96,8.08,28.95,Rabi,Ranchi,Loamy,1500,Low,millet
110,34,163,20.67,59.34,6.45,298.23,Rabi,Bokaro,Loamy,1500,Low,millet
68,43,181,36.84,62.3,4.92,34.12,Kharif,Jamshedpur,Loamy,1800,Medium,rice
28,32,205,30.26,74.75,8.29,250.61,Kharif,Ranchi,Sandy,2200,Medium,groundnut
26,47,166,17.95,34.38,5.95,223.94,Rabi,Jamshedpur,Loamy,1900,Low,lentil
127,30,44,31.18,43.42,5.05,257.61,Rabi,Jamshedpur,Loamy,1900,Low,lentil
1,67,126,23.53,55.35,4.84,124.28,Rabi,Jamshedpur,Sandy,1600,Medium,barley
62,43,197,33.84,49.52,5.41,244.5,Rabi,Jamshedpur,Loamy,1500,Low,millet
117,137,179,24.04,22.08,5.08,22.79,Rabi,Hazaribagh,Sandy,1600,Medium,barley
21,91,85,25.04,74.07,6.24,130.11,Rabi,Ranchi,Sandy,2000,Low,wheat
14,138,80,25.48,82.0,7.3,264.59,Kharif,Bokaro,Clayey,1700,High,maize
2,76,140,30.26,30.28,6.12,200.29,Rabi,Hazaribagh,Loamy,1500,Low,millet
113,93,205,31.22,74.28,8.02,43.6,Rabi,Hazaribagh,Loamy,2100,Low,chickpea
99,37,138,39.8,39.87,4.87,174.5,Rabi,Hazaribagh,Loamy,1500,Low,millet
40,10,12,37.26,57.8,5.53,253.02,Rabi,Bokaro,Loamy,1500,Low,millet
129,33,192,16.5,46.11,7.01,119.25,Rabi,Ranchi,Sandy,1600,Medium,barley
114,81,151,33.42,51.72,8.43,245.51,Rabi,Hazaribagh,Sandy,2000,Low,wheat
136,64,94,22.48,66.68,7.76,180.37,Rabi,Dhanbad,Loamy,2100,Low,chickpea
133,68,31,23.2,60.77,7.79,121.15,Rabi,Ranchi,Sandy,1600,Medium,barley
108,110,25,17.31,49.74,5.02,80.14,Kharif,Ranchi,Clayey,1700,High,maize
134,108,155,28.97,74.52,7.99,183.61,Rabi,Jamshedpur,Loamy,1500,Low,millet
125,111,46,18.61,28.9,7.34,56.23,Kharif,Hazaribagh,Sandy,2200,Medium,groundnut
30,59,121,26.83,72.25,8.28,123.41,Rabi,Ranchi,Loamy,1900,Low,lentil
104,33,35,24.24,40.27,6.59,52.97,Rabi,Bokaro,Loamy,2100,Low,chickpea
77,80,129,15.7,30.0,7.64,138.09,Rabi,Bokaro,Loamy,1500,Low,millet
55,51,194,27.22,28.56,5.89,263.72,Zaid,Jamshedpur,Clayey,3000,High,sugarcane
79,120,91,34.53,53.27,7.38,189.6,Kharif,Dhanbad,Sandy,2200,Medium,groundnut
117,120,175,26.23,80.64,5.8,243.95,Rabi,Hazaribagh,Loamy,1900,Low,lentil
99,64,106,23.47,23.21,7.18,144.07,Rabi,Bokaro,Sandy,1600,Medium,barley
42,11,151,30.75,74.01,5.74,200.64,Rabi,Hazaribagh,Sandy,2000,Low,wheat
49,143,152,33.94,87.01,6.59,230.16,Rabi,Hazaribagh,Sandy,2000,Low,wheat
30,141,51,39.06,39.25,5.32,252.31,Kharif,Hazaribagh,Loamy,1800,Medium,rice
21,141,160,23.01,61.22,6.47,281.48,Kharif,Bokaro,Sandy,2200,Medium,groundnut
46,111,11,36.49,42.22,5.53,52.1,Rabi,Ranchi,Sandy,1600,Medium,barley
43,78,41,19.57,73.78,5.12,286.61,Rabi,Dhanbad,Loamy,1900,Low,lentil
83,51,11,32.83,40.86,4.89,59.89,Kharif,Bokaro,Loamy,1800,Medium,rice
96,35,18,20.06,72.65,6.84,158.03,Zaid,Hazaribagh,Clayey,3000,High,sugarcane
29,73,20,22.96,58.72,4.76,28.09,Rabi,Dhanbad,Sandy,1600,Medium,barley
68,30,68,34.07,65.61,5.0,179.11,Kharif,Jamshedpur,Loamy,1800,Medium,rice
128,57,205,39.2,46.13,8.44,238.97,Rabi,Hazaribagh,Sandy,2000,Low,wheat
115,15,5,35.32,87.28,6.98,202.86,Rabi,Dhanbad,Sandy,1600,Medium,barley
15,128,74,29.95,78.76,6.02,118.4,Kharif,Dhanbad,Loamy,1800,Medium,rice
130,77,16,19.04,57.39,4.78,45.12,Rabi,Ranchi,Loamy,2100,Low,chickpea
71,115,58,30.26,87.02,5.77,210.99,Kharif,Bokaro,Clayey,1700,High,maize
115,74,67,31.56,42.51,5.34,288.52,Zaid,Bokaro,Clayey,3000,High,sugarcane
34,5,160,26.91,83.1,7.19,135.69,Kharif,Jamshedpur,Loamy,1800,Medium,rice
137,25,171,31.28,57.71,8.07,248.5,Rabi,Jamshedpur,Sandy,1600,Medium,barley
90,101,158,23.95,32.4,7.57,215.17,Rabi,Ranchi,Sandy,2000,Low,wheat
118,99,54,26.11,35.51,4.58,98.72,Rabi,Bokaro,Sandy,2000,Low,wheat
23,82,188,20.53,88.61,8.37,30.3,Kharif,Jamshedpur,Sandy,3500,Low,cotton
53,6,55,39.61,64.69,4.94,97.66,Rabi,Hazaribagh,Loamy,2100,Low,chickpea
43,54,173,33.47,67.05,6.91,69.15,Kharif,Hazaribagh,Sandy,2200,Medium,groundnut
16,37,71,38.34,79.88,8.02,224.09,Kharif,Bokaro,Clayey,1700,High,maize
5,141,162,21.32,59.21,6.32,282.61,Kharif,Ranchi,Sandy,3500,Low,cotton
110,109,75,18.04,56.28,6.48,164.83,Rabi,Ranchi,Loamy,1500,Low,millet
12,76,112,28.31,42.14,6.07,113.72,Kharif,Hazaribagh,Sandy,3500,Low,cotton
57,113,24,37.92,33.78,5.82,37.6,Kharif,Ranchi,Loamy,1800,Medium,rice
122,115,11,29.81,63.84,5.84,90.11,Kharif,Ranchi,Loamy,1800,Medium,rice
61,92,18,35.54,56.38,5.45,40.42,Kharif,Hazaribagh,Sandy,2200,Medium,groundnut
112,29,165,26.16,28.74,8.4,276.68,Rabi,Jamshedpur,Loamy,2100,Low,chickpea
16,37,20,37.98,50.93,5.71,195.33,Rabi,Ranchi,Loamy,1500,Low,millet
14,18,80,36.25,48.12,6.97,135.11,Rabi,Hazaribagh,Sandy,2000,Low,wheat
2,121,103,26.61,49.97,6.98,48.36,Rabi,Ranchi,Loamy,2100,Low,chickpea
132,89,155,19.81,27.19,6.88,38.91,Kharif,Dhanbad,Sandy,2200,Medium,groundnut
32,135,70,23.88,53.7,6.98,72.06,Rabi,Dhanbad,Loamy,2100,Low,chickpea
15,37,84,29.61,55.92,7.11,120.17,Kharif,Hazaribagh,Loamy,1800,Medium,rice
37,42,125,22.72,44.0,5.98,22.26,Rabi,Hazaribagh,Loamy,1900,Low,lentil
14,65,134,35.48,59.16,4.72,116.27,Kharif,Dhanbad,Clayey,1700,High,maize
17,92,53,31.7,68.63,8.43,187.93,Kharif,Bokaro,Sandy,3500,Low,cotton
85,81,112,23.22,27.34,8.0,274.95,Rabi,Jamshedpur,Loamy,2100,Low,chickpea
0,62,182,20.76,63.67,5.46,225.68,Kharif,Bokaro,Sandy,3500,Low,cotton
52,107,52,35.65,20.47,4.54,120.21,Rabi,Hazaribagh,Sandy,1600,Medium,barley
36,79,117,19.86,61.0,7.56,32.29,Rabi,Ranchi,Sandy,2000,Low,wheat
50,77,49,20.47,38.34,5.2,257.31,Kharif,Dhanbad,Sandy,3500,Low,cotton
50,10,50,36.07,83.75,4.58,209.69,Kharif,Jamshedpur,Clayey,1700,High,maize
86,58,83,26.41,45.87,5.99,67.98,Rabi,Hazaribagh,Sandy,2000,Low,wheat
111,21,35,18.61,84.69,7.68,73.67,Rabi,Jamshedpur,Loamy,2100,Low,chickpea
81,114,167,21.11,23.23,6.96,72.95,Rabi,Hazaribagh,Loamy,1500,Low,millet
38,88,68,16.33,75.69,7.99,258.42,Zaid,Hazaribagh,Clayey,3000,High,sugarcane
53,25,205,26.77,66.45,4.76,162.41,Kharif,Hazaribagh,Sandy,2200,Medium,groundnut
127,137,123,19.47,69.87,6.6,155.32,Rabi,Jamshedpur,Loamy,1500,Low,millet
68,107,168,38.03,60.88,4.65,81.47,Kharif,Dhanbad,Sandy,2200,Medium,groundnut
60,106,60,22.65,82.21,6.79,281.94,Kharif,Bokaro,Sandy,2200,Medium,groundnut
140,26,39,33.79,40.65,6.58,84.45,Zaid,Ranchi,Clayey,3000,High,sugarcane
131,91,114,26.28,50.28,5.97,159.31,Kharif,Bokaro,Sandy,2200,Medium,groundnut
6,50,118,20.84,65.17,5.94,43.08,Rabi,Hazaribagh,Sandy,1600,Medium,barley
139,25,75,38.17,26.89,4.79,30.72,Rabi,Dhanbad,Loamy,1900,Low,lentil
50,89,69,22.57,77.09,7.23,96.85,Rabi,Hazaribagh,Loamy,1500,Low,millet
139,71,7,34.25,39.73,5.89,299.12,Kharif,Jamshedpur,Clayey,1700,High,maize
3,125,172,27.82,73.28,5.1,131.3,Rabi,Dhanbad,Loamy,2100,Low,chickpea
121,64,137,29.68,58.68,6.37,248.03,Kharif,Bokaro,Sandy,3500,Low,cotton
80,53,114,34.25,68.86,5.34,145.99,Rabi,Hazaribagh,Sandy,2000,Low,wheat
95,40,152,36.84,41.39,7.45,159.94,Kharif,Bokaro,Loamy,1800,Medium,rice
57,112,113,32.14,48.24,7.61,170.53,Rabi,Bokaro,Loamy,1500,Low,millet
5,13,40,18.84,86.68,5.82,196.36,Rabi,Hazaribagh,Loamy,2100,Low,chickpea
100,102,57,38.72,24.46,6.05,152.94,Rabi,Bokaro,Loamy,2100,Low,chickpea
115,82,28,19.29,67.24,5.21,251.41,Rabi,Hazaribagh,Loamy,2100,Low,chickpea
6,52,55,16.74,87.41,5.64,85.25,Kharif,Hazaribagh,Sandy,2200,Medium,groundnut
116,19,99,27.96,32.03,7.94,135.04,Rabi,Dhanbad,Sandy,2000,Low,wheat
33,142,112,26.96,24.81,8.32,262.4,Rabi,Dhanbad,Sandy,2000,Low,wheat
79,115,186,31.62,31.11,6.8,106.89,Kharif,Dhanbad,Sandy,3500,Low,cotton
117,75,56,15.19,29.99,4.76,131.79,Rabi,Dhanbad,Loamy,1900,Low,lentil
84,130,122,26.57,22.74,4.86,200.96,Rabi,Jamshedpur,Loamy,1900,Low,lentil
76,105,161,35.59,79.49,6.16,70.28,Rabi,Hazaribagh,Loamy,1500,Low,millet
117,103,173,19.59,59.8,6.07,284.79,Rabi,Dhanbad,Sandy,1600,Medium,barley
70,142,79,31.67,24.67,7.41,272.63,Kharif,Jamshedpur,Clayey,1700,High,maize
31,99,24,33.88,55.31,7.62,134.83,Rabi,Dhanbad,Sandy,1600,Medium,barley
53,134,16,26.55,25.12,7.28,229.93,Zaid,Jamshedpur,Clayey,3000,High,sugarcane
102,54,106,15.94,37.54,7.34,58.21,Rabi,Jamshedpur,Loamy,1500,Low,millet
118,22,26,28.71,36.96,8.3,59.27,Kharif,Bokaro,Sandy,2200,Medium,groundnut
43,9,160,17.51,40.59,6.64,129.44,Kharif,Ranchi,Clayey,1700,High,maize
69,44,117,23.95,35.17,4.64,209.01,Kharif,Dhanbad,Loamy,1800,Medium,rice
12,138,169,31.56,66.2,4.91,213.3,Kharif,Jamshedpur,Sandy,2200,Medium,groundnut
1,17,202,24.43,34.12,5.5,274.45,Kharif,Dhanbad,Loamy,1800,Medium,rice
4,112,12,39.73,43.6,5.27,207.31,Rabi,Dhanbad,Sandy,2000,Low,wheat
42,47,16,25.39,27.54,5.81,177.38,Rabi,Dhanbad,Sandy,2000,Low,wheat
53,143,106,38.47,28.46,5.36,119.84,Rabi,Dhanbad,Loamy,2100,Low,chickpea
102,85,8,24.73,52.11,4.76,248.22,Kharif,Hazaribagh,Loamy,1800,Medium,rice
11,22,60,25.28,73.73,6.5,297.33,Rabi,Hazaribagh,Loamy,1500,Low,millet
43,69,29,30.0,88.7,7.29,209.81,Rabi,Dhanbad,Loamy,2100,Low,chickpea
44,86,175,27.05,43.46,6.93,183.81,Rabi,Jamshedpur,Loamy,1500,Low,millet
59,133,155,32.62,20.93,4.58,232.5,Rabi,Ranchi,Loamy,1900,Low,lentil
60,114,198,21.09,25.56,5.05,159.64,Zaid,Dhanbad,Clayey,3000,High,sugarcane
96,57,169,15.95,84.64,6.89,284.85,Kharif,Bokaro,Clayey,1700,High,maize
71,86,169,34.67,22.77,7.67,136.17,Kharif,Bokaro,Clayey,1700,High,maize
58,89,92,21.06,57.75,8.13,206.2,Kharif,Dhanbad,Loamy,1800,Medium,rice
97,138,87,19.59,64.08,4.76,157.66,Kharif,Dhanbad,Sandy,3500,Low,cotton
36,57,37,17.29,61.48,7.82,280.91,Kharif,Dhanbad,Loamy,1800,Medium,rice
20,114,190,26.68,31.49,5.29,138.72,Rabi,Hazaribagh,Loamy,1900,Low,lentil
77,78,152,26.21,64.49,5.59,238.76,Kharif,Ranchi,Sandy,3500,Low,cotton
101,101,47,26.77,49.59,6.94,141.36,Rabi,Dhanbad,Loamy,1500,Low,millet
5,102,114,36.35,73.12,8.19,186.65,Kharif,Dhanbad,Sandy,2200,Medium,groundnut
44,70,102,26.59,51.75,6.0,189.69,Rabi,Ranchi,Loamy,1900,Low,lentil
34,125,55,18.87,33.27,4.55,160.2,Rabi,Bokaro,Loamy,1500,Low,millet
103,111,106,39.26,46.12,6.46,199.49,Kharif,Hazaribagh,Sandy,2200,Medium,groundnut
104,14,36,24.62,59.59,5.28,142.16,Rabi,Bokaro,Sandy,2000,Low,wheat
130,130,167,32.21,68.75,7.1,279.43,Rabi,Dhanbad,Loamy,1500,Low,millet
122,13,97,30.77,67.35,7.29,200.69,Kharif,Bokaro,Sandy,3500,Low,cotton
116,42,70,21.19,60.48,7.15,65.2,Rabi,Ranchi,Loamy,2100,Low,chickpea
98,106,185,29.65,83.07,6.57,72.87,Rabi,Jamshedpur,Sandy,2000,Low,wheat
109,69,182,22.56,87.74,7.13,127.18,Kharif,Bokaro,Clayey,1700,High,maize
22,32,167,29.32,75.83,7.76,95.33,Rabi,Dhanbad,Sandy,1600,Medium,barley
78,6,48,35.41,20.11,4.78,214.97,Rabi,Hazaribagh,Sandy,1600,Medium,barley
73,115,48,19.41,33.05,5.04,156.21,Rabi,Hazaribagh,Sandy,1600,Medium,barley
115,59,52,20.02,72.49,7.74,73.73,Rabi,Jamshedpur,Sandy,2000,Low,wheat
27,47,25,22.33,46.44,5.61,115.8,Kharif,Hazaribagh,Sandy,2200,Medium,groundnut
122,129,177,34.01,20.67,5.56,287.46,Kharif,Hazaribagh,Sandy,3500,Low,cotton
24,59,138,34.79,46.3,6.58,289.38,Kharif,Bokaro,Loamy,1800,Medium,rice
121,91,159,25.74,45.95,8.06,299.84,Kharif,Dhanbad,Sandy,2200,Medium,groundnut
102,101,161,16.43,44.92,5.82,48.05,Rabi,Jamshedpur,Loamy,1500,Low,millet
35,11,159,18.07,57.14,8.3,230.4,Rabi,Dhanbad,Sandy,1600,Medium,barley
115,126,136,25.33,33.16,8.44,288.11,Rabi,Bokaro,Loamy,1500,Low,millet
